County,State,FIPS Code,Formatted FIPS,"Estimated percent of all households that own a home, between 201"
Autauga,AL,1001,01001,73.29
Baldwin,AL,1003,01003,75.25
Barbour,AL,1005,01005,60.9
Bibb,AL,1007,01007,74.42
Blount,AL,1009,01009,78.78
Bullock,AL,1011,01011,71.12
Butler,AL,1013,01013,69.95
Calhoun,AL,1015,01015,70.07
Chambers,AL,1017,01017,67.46
Cherokee,AL,1019,01019,77.34
Chilton,AL,1021,01021,74.5
Choctaw,AL,1023,01023,80.91
Clarke,AL,1025,01025,70.1
Clay,AL,1027,01027,75.45
Cleburne,AL,1029,01029,76.13
Coffee,AL,1031,01031,65.74
Colbert,AL,1033,01033,72.19
Conecuh,AL,1035,01035,76.1
Coosa,AL,1037,01037,79.24
Covington,AL,1039,01039,74.47
Crenshaw,AL,1041,01041,75.48
Cullman,AL,1043,01043,74.81
Dale,AL,1045,01045,60.09
Dallas,AL,1047,01047,59.34
DeKalb,AL,1049,01049,71.53
Elmore,AL,1051,01051,73.26
Escambia,AL,1053,01053,68.32
Etowah,AL,1055,01055,72.59
Fayette,AL,1057,01057,77.26
Franklin,AL,1059,01059,70.79
Geneva,AL,1061,01061,72
Greene,AL,1063,01063,67.06
Hale,AL,1065,01065,75.84
Henry,AL,1067,01067,83.33
Houston,AL,1069,01069,65.7
Jackson,AL,1071,01071,75.52
Jefferson,AL,1073,01073,62.7
Lamar,AL,1075,01075,75.63
Lauderdale,AL,1077,01077,68.14
Lawrence,AL,1079,01079,77.66
Lee,AL,1081,01081,61.61
Limestone,AL,1083,01083,77.62
Lowndes,AL,1085,01085,74.26
Macon,AL,1087,01087,65.48
Madison,AL,1089,01089,66.84
Marengo,AL,1091,01091,71.48
Marion,AL,1093,01093,75.14
Marshall,AL,1095,01095,70.18
Mobile,AL,1097,01097,64.55
Monroe,AL,1099,01099,63.64
Montgomery,AL,1101,01101,58.38
Morgan,AL,1103,01103,72.72
Perry,AL,1105,01105,71.86
Pickens,AL,1107,01107,75.25
Pike,AL,1109,01109,62.28
Randolph,AL,1111,01111,76.65
Russell,AL,1113,01113,60.18
St. Clair,AL,1115,01115,79.89
Shelby,AL,1117,01117,80.53
Sumter,AL,1119,01119,64.07
Talladega,AL,1121,01121,71.29
Tallapoosa,AL,1123,01123,74.86
Tuscaloosa,AL,1125,01125,63.75
Walker,AL,1127,01127,77.25
Washington,AL,1129,01129,82.65
Wilcox,AL,1131,01131,67.9
Winston,AL,1133,01133,79.41
Aleutians East,AK,2013,02013,63.82
Aleutians West,AK,2016,02016,28.22
Anchorage,AK,2020,02020,61.34
Bethel,AK,2050,02050,58.16
Bristol Bay,AK,2060,02060,53.82
Denali,AK,2068,02068,81.57
Dillingham,AK,2070,02070,62.02
Fairbanks North Star,AK,2090,02090,58.92
Haines,AK,2100,02100,66.43
Hoonah-Angoon,AK,2105,02105,75.47
Juneau,AK,2110,02110,64.78
Kenai Peninsula,AK,2122,02122,72.82
Ketchikan Gateway,AK,2130,02130,61.55
Kodiak Island,AK,2150,02150,54.59
Lake and Peninsula,AK,2164,02164,71.5
Matanuska-Susitna,AK,2170,02170,77.07
Nome,AK,2180,02180,60.48
North Slope,AK,2185,02185,52.65
Northwest Arctic,AK,2188,02188,56.21
Petersburg,AK,2195,02195,68.83
Prince of Wales-Hyder,AK,2198,02198,72.75
Sitka,AK,2220,02220,59.26
Skagway,AK,2230,02230,53.33
Southeast Fairbanks,AK,2240,02240,73.5
Valdez-Cordova,AK,2261,02261,74.63
Wade Hampton,AK,2270,02270,71.69
Wrangell,AK,2275,02275,67.87
Yakutat,AK,2282,02282,66.21
Yukon-Koyukuk,AK,2290,02290,72.41
Apache,AZ,4001,04001,78.89
Cochise,AZ,4003,04003,68.93
Coconino,AZ,4005,04005,61.04
Gila,AZ,4007,04007,75.56
Graham,AZ,4009,04009,70.26
Greenlee,AZ,4011,04011,48.63
La Paz,AZ,4012,04012,71.54
Maricopa,AZ,4013,04013,62.19
Mohave,AZ,4015,04015,69.27
Navajo,AZ,4017,04017,68.78
Pima,AZ,4019,04019,63.17
Pinal,AZ,4021,04021,76.72
Santa Cruz,AZ,4023,04023,67.65
Yavapai,AZ,4025,04025,71.98
Yuma,AZ,4027,04027,67.1
Arkansas,AR,5001,05001,65.18
Ashley,AR,5003,05003,77.48
Baxter,AR,5005,05005,76.15
Benton,AR,5007,05007,66.57
Boone,AR,5009,05009,71.79
Bradley,AR,5011,05011,65.17
Calhoun,AR,5013,05013,84.81
Carroll,AR,5015,05015,75.73
Chicot,AR,5017,05017,61.77
Clark,AR,5019,05019,57.53
Clay,AR,5021,05021,67.41
Cleburne,AR,5023,05023,75.21
Cleveland,AR,5025,05025,76.03
Columbia,AR,5027,05027,70.42
Conway,AR,5029,05029,67.28
Craighead,AR,5031,05031,57.09
Crawford,AR,5033,05033,76.01
Crittenden,AR,5035,05035,57.44
Cross,AR,5037,05037,66.84
Dallas,AR,5039,05039,67.7
Desha,AR,5041,05041,61.47
Drew,AR,5043,05043,67.7
Faulkner,AR,5045,05045,62.31
Franklin,AR,5047,05047,70.5
Fulton,AR,5049,05049,79.73
Garland,AR,5051,05051,67.82
Grant,AR,5053,05053,80.13
Greene,AR,5055,05055,67
Hempstead,AR,5057,05057,69.27
Hot Spring,AR,5059,05059,77.86
Howard,AR,5061,05061,68.94
Independence,AR,5063,05063,71.65
Izard,AR,5065,05065,76.07
Jackson,AR,5067,05067,69.37
Jefferson,AR,5069,05069,62.1
Johnson,AR,5071,05071,70.42
Lafayette,AR,5073,05073,79.09
Lawrence,AR,5075,05075,67.32
Lee,AR,5077,05077,59.79
Lincoln,AR,5079,05079,77.13
Little River,AR,5081,05081,71.53
Logan,AR,5083,05083,73.68
Lonoke,AR,5085,05085,69.25
Madison,AR,5087,05087,78.02
Marion,AR,5089,05089,78.86
Miller,AR,5091,05091,64.65
Mississippi,AR,5093,05093,56.36
Monroe,AR,5095,05095,59.89
Montgomery,AR,5097,05097,81.33
Nevada,AR,5099,05099,66.94
Newton,AR,5101,05101,84.2
Ouachita,AR,5103,05103,69.12
Perry,AR,5105,05105,76.44
Phillips,AR,5107,05107,48.19
Pike,AR,5109,05109,78.79
Poinsett,AR,5111,05111,62.92
Polk,AR,5113,05113,76.68
Pope,AR,5115,05115,68.93
Prairie,AR,5117,05117,73.94
Pulaski,AR,5119,05119,58.8
Randolph,AR,5121,05121,71.72
St. Francis,AR,5123,05123,54.74
Saline,AR,5125,05125,78.09
Scott,AR,5127,05127,73.78
Searcy,AR,5129,05129,73.94
Sebastian,AR,5131,05131,58.82
Sevier,AR,5133,05133,71.38
Sharp,AR,5135,05135,77.16
Stone,AR,5137,05137,74.64
Union,AR,5139,05139,75.45
Van Buren,AR,5141,05141,78.56
Washington,AR,5143,05143,52.59
White,AR,5145,05145,66.06
Woodruff,AR,5147,05147,65.38
Yell,AR,5149,05149,71.48
Alameda,CA,6001,06001,53.52
Alpine,CA,6003,06003,84
Amador,CA,6005,06005,76.5
Butte,CA,6007,06007,58.99
Calaveras,CA,6009,06009,77.75
Colusa,CA,6011,06011,61.02
Contra Costa,CA,6013,06013,65.92
Del Norte,CA,6015,06015,63.08
El Dorado,CA,6017,06017,75.73
Fresno,CA,6019,06019,53.3
Glenn,CA,6021,06021,59.38
Humboldt,CA,6023,06023,56.84
Imperial,CA,6025,06025,58.35
Inyo,CA,6027,06027,65.46
Kern,CA,6029,06029,58.29
Kings,CA,6031,06031,52.32
Lake,CA,6033,06033,66.38
Lassen,CA,6035,06035,67.56
Los Angeles,CA,6037,06037,45.81
Madera,CA,6039,06039,64.11
Marin,CA,6041,06041,63.66
Mariposa,CA,6043,06043,68.43
Mendocino,CA,6045,06045,59.9
Merced,CA,6047,06047,52.24
Modoc,CA,6049,06049,74.89
Mono,CA,6051,06051,64.39
Monterey,CA,6053,06053,51.04
Napa,CA,6055,06055,64.22
Nevada,CA,6057,06057,74.2
Orange,CA,6059,06059,57.38
Placer,CA,6061,06061,71.86
Plumas,CA,6063,06063,72.85
Riverside,CA,6065,06065,66.35
Sacramento,CA,6067,06067,56.41
San Benito,CA,6069,06069,63.71
San Bernardino,CA,6071,06071,59.79
San Diego,CA,6073,06073,53.33
San Francisco,CA,6075,06075,37.6
San Joaquin,CA,6077,06077,56.62
San Luis Obispo,CA,6079,06079,61.57
San Mateo,CA,6081,06081,60.16
Santa Barbara,CA,6083,06083,52.07
Santa Clara,CA,6085,06085,56.4
Santa Cruz,CA,6087,06087,60.07
Shasta,CA,6089,06089,63.99
Sierra,CA,6091,06091,75.36
Siskiyou,CA,6093,06093,65.02
Solano,CA,6095,06095,61.49
Sonoma,CA,6097,06097,61.46
Stanislaus,CA,6099,06099,57.84
Sutter,CA,6101,06101,57.72
Tehama,CA,6103,06103,65.37
Trinity,CA,6105,06105,68.92
Tulare,CA,6107,06107,57.05
Tuolumne,CA,6109,06109,71.28
Ventura,CA,6111,06111,63.15
Yolo,CA,6113,06113,51.57
Yuba,CA,6115,06115,60.51
Adams,CO,8001,08001,66.21
Alamosa,CO,8003,08003,57.81
Arapahoe,CO,8005,08005,63.52
Archuleta,CO,8007,08007,72.21
Baca,CO,8009,08009,71
Bent,CO,8011,08011,59.59
Boulder,CO,8013,08013,62.22
Broomfield,CO,8014,08014,65.22
Chaffee,CO,8015,08015,77.82
Cheyenne,CO,8017,08017,71.45
Clear Creek,CO,8019,08019,77.22
Conejos,CO,8021,08021,79.42
Costilla,CO,8023,08023,69.01
Crowley,CO,8025,08025,72.48
Custer,CO,8027,08027,87.17
Delta,CO,8029,08029,73.64
Denver,CO,8031,08031,49.88
Dolores,CO,8033,08033,81.55
Douglas,CO,8035,08035,78.99
Eagle,CO,8037,08037,69.78
Elbert,CO,8039,08039,90.02
El Paso,CO,8041,08041,63.95
Fremont,CO,8043,08043,75.04
Garfield,CO,8045,08045,66.86
Gilpin,CO,8047,08047,79.59
Grand,CO,8049,08049,68.46
Gunnison,CO,8051,08051,61.44
Hinsdale,CO,8053,08053,71.62
Huerfano,CO,8055,08055,71.75
Jackson,CO,8057,08057,79.93
Jefferson,CO,8059,08059,70.68
Kiowa,CO,8061,08061,74.29
Kit Carson,CO,8063,08063,66.41
Lake,CO,8065,08065,68.4
La Plata,CO,8067,08067,70.66
Larimer,CO,8069,08069,65.04
Las Animas,CO,8071,08071,67.38
Lincoln,CO,8073,08073,70.55
Logan,CO,8075,08075,65.24
Mesa,CO,8077,08077,68.18
Mineral,CO,8079,08079,86.65
Moffat,CO,8081,08081,64.76
Montezuma,CO,8083,08083,72.11
Montrose,CO,8085,08085,72.67
Morgan,CO,8087,08087,64.05
Otero,CO,8089,08089,63.92
Ouray,CO,8091,08091,72.31
Park,CO,8093,08093,86.39
Phillips,CO,8095,08095,71.88
Pitkin,CO,8097,08097,64.97
Prowers,CO,8099,08099,65.43
Pueblo,CO,8101,08101,64.67
Rio Blanco,CO,8103,08103,70.8
Rio Grande,CO,8105,08105,63.22
Routt,CO,8107,08107,71.2
Saguache,CO,8109,08109,71.5
San Juan,CO,8111,08111,62.63
San Miguel,CO,8113,08113,60.98
Sedgwick,CO,8115,08115,71.35
Summit,CO,8117,08117,65.5
Teller,CO,8119,08119,82.46
Washington,CO,8121,08121,66.89
Weld,CO,8123,08123,72.92
Yuma,CO,8125,08125,66.91
Fairfield,CT,9001,09001,67.05
Hartford,CT,9003,09003,64.11
Litchfield,CT,9005,09005,76.49
Middlesex,CT,9007,09007,73.52
New Haven,CT,9009,09009,61.85
New London,CT,9011,09011,66.37
Tolland,CT,9013,09013,71.76
Windham,CT,9015,09015,68.97
Kent,DE,10001,10001,69.06
New Castle,DE,10003,10003,67.89
Sussex,DE,10005,10005,80.26
District of Columbia,DC,11001,11001,41.62
Alachua,FL,12001,12001,55.02
Baker,FL,12003,12003,75.28
Bay,FL,12005,12005,65.09
Bradford,FL,12007,12007,69.29
Brevard,FL,12009,12009,74.33
Broward,FL,12011,12011,62.12
Calhoun,FL,12013,12013,81.43
Charlotte,FL,12015,12015,79.67
Citrus,FL,12017,12017,81.88
Clay,FL,12019,12019,74.99
Collier,FL,12021,12021,73.33
Columbia,FL,12023,12023,71.43
DeSoto,FL,12027,12027,69.73
Dixie,FL,12029,12029,78.58
Duval,FL,12031,12031,56.73
Escambia,FL,12033,12033,62.03
Flagler,FL,12035,12035,75.99
Franklin,FL,12037,12037,74.64
Gadsden,FL,12039,12039,72.94
Gilchrist,FL,12041,12041,83.04
Glades,FL,12043,12043,79.64
Gulf,FL,12045,12045,74.19
Hamilton,FL,12047,12047,67.93
Hardee,FL,12049,12049,64.92
Hendry,FL,12051,12051,65.34
Hernando,FL,12053,12053,78.06
Highlands,FL,12055,12055,75.31
Hillsborough,FL,12057,12057,58.58
Holmes,FL,12059,12059,76.4
Indian River,FL,12061,12061,79.23
Jackson,FL,12063,12063,69.83
Jefferson,FL,12065,12065,77
Lafayette,FL,12067,12067,84.37
Lake,FL,12069,12069,74.46
Lee,FL,12071,12071,72.32
Leon,FL,12073,12073,52.96
Levy,FL,12075,12075,77.67
Liberty,FL,12077,12077,75.44
Madison,FL,12079,12079,73.56
Manatee,FL,12081,12081,72.86
Marion,FL,12083,12083,75
Martin,FL,12085,12085,78.05
Miami-Dade,FL,12086,12086,51.16
Monroe,FL,12087,12087,59.49
Nassau,FL,12089,12089,80
Okaloosa,FL,12091,12091,63.44
Okeechobee,FL,12093,12093,72.16
Orange,FL,12095,12095,55.4
Osceola,FL,12097,12097,61.62
Palm Beach,FL,12099,12099,68.87
Pasco,FL,12101,12101,72.1
Pinellas,FL,12103,12103,67.02
Polk,FL,12105,12105,68.89
Putnam,FL,12107,12107,70.73
St. Johns,FL,12109,12109,80.36
St. Lucie,FL,12111,12111,73.24
Santa Rosa,FL,12113,12113,75.97
Sarasota,FL,12115,12115,74.94
Seminole,FL,12117,12117,64.62
Sumter,FL,12119,12119,89.71
Suwannee,FL,12121,12121,74.3
Taylor,FL,12123,12123,77.41
Union,FL,12125,12125,66.06
Volusia,FL,12127,12127,70.31
Wakulla,FL,12129,12129,82.01
Walton,FL,12131,12131,74.64
Washington,FL,12133,12133,77.73
Appling,GA,13001,13001,76.41
Atkinson,GA,13003,13003,73.33
Bacon,GA,13005,13005,72.41
Baker,GA,13007,13007,65.26
Baldwin,GA,13009,13009,58.48
Banks,GA,13011,13011,75.4
Barrow,GA,13013,13013,75.63
Bartow,GA,13015,13015,66.3
Ben Hill,GA,13017,13017,58.84
Berrien,GA,13019,13019,64.22
Bibb,GA,13021,13021,52.32
Bleckley,GA,13023,13023,74.33
Brantley,GA,13025,13025,80.35
Brooks,GA,13027,13027,73.95
Bryan,GA,13029,13029,70.13
Bulloch,GA,13031,13031,53.91
Burke,GA,13033,13033,70.79
Butts,GA,13035,13035,69.84
Calhoun,GA,13037,13037,65.61
Camden,GA,13039,13039,62.55
Candler,GA,13043,13043,57.61
Carroll,GA,13045,13045,66.9
Catoosa,GA,13047,13047,74.01
Charlton,GA,13049,13049,71.35
Chatham,GA,13051,13051,54.71
Chattahoochee,GA,13053,13053,24.59
Chattooga,GA,13055,13055,68.2
Cherokee,GA,13057,13057,76.75
Clarke,GA,13059,13059,39.03
Clay,GA,13061,13061,72.95
Clayton,GA,13063,13063,49.51
Clinch,GA,13065,13065,74.89
Cobb,GA,13067,13067,64.53
Coffee,GA,13069,13069,63.11
Colquitt,GA,13071,13071,62.97
Columbia,GA,13073,13073,79.51
Cook,GA,13075,13075,66.38
Coweta,GA,13077,13077,72.83
Crawford,GA,13079,13079,77.94
Crisp,GA,13081,13081,54.49
Dade,GA,13083,13083,71.49
Dawson,GA,13085,13085,81.53
Decatur,GA,13087,13087,57.49
DeKalb,GA,13089,13089,54.64
Dodge,GA,13091,13091,67.83
Dooly,GA,13093,13093,69.58
Dougherty,GA,13095,13095,46
Douglas,GA,13097,13097,64.32
Early,GA,13099,13099,63.97
Echols,GA,13101,13101,67.78
Effingham,GA,13103,13103,75.93
Elbert,GA,13105,13105,72.23
Emanuel,GA,13107,13107,63.84
Evans,GA,13109,13109,68.01
Fannin,GA,13111,13111,79.04
Fayette,GA,13113,13113,81.95
Floyd,GA,13115,13115,61.04
Forsyth,GA,13117,13117,84.04
Franklin,GA,13119,13119,66.43
Fulton,GA,13121,13121,51.6
Gilmer,GA,13123,13123,74.45
Glascock,GA,13125,13125,74.73
Glynn,GA,13127,13127,62.55
Gordon,GA,13129,13129,65.14
Grady,GA,13131,13131,64.27
Greene,GA,13133,13133,74.65
Gwinnett,GA,13135,13135,66.27
Habersham,GA,13137,13137,78.26
Hall,GA,13139,13139,69.46
Hancock,GA,13141,13141,70.58
Haralson,GA,13143,13143,68.38
Harris,GA,13145,13145,87.64
Hart,GA,13147,13147,74.8
Heard,GA,13149,13149,71.1
Henry,GA,13151,13151,70.36
Houston,GA,13153,13153,63.6
Irwin,GA,13155,13155,73.6
Jackson,GA,13157,13157,77.88
Jasper,GA,13159,13159,76.83
Jeff Davis,GA,13161,13161,65.11
Jefferson,GA,13163,13163,63.19
Jenkins,GA,13165,13165,71.42
Johnson,GA,13167,13167,67.26
Jones,GA,13169,13169,80.24
Lamar,GA,13171,13171,69.25
Lanier,GA,13173,13173,64.4
Laurens,GA,13175,13175,64.2
Lee,GA,13177,13177,72.76
Liberty,GA,13179,13179,45.73
Lincoln,GA,13181,13181,74.99
Long,GA,13183,13183,69.1
Lowndes,GA,13185,13185,52.32
Lumpkin,GA,13187,13187,70.67
McDuffie,GA,13189,13189,61.27
McIntosh,GA,13191,13191,79.76
Macon,GA,13193,13193,63.99
Madison,GA,13195,13195,74.71
Marion,GA,13197,13197,78.4
Meriwether,GA,13199,13199,68.49
Miller,GA,13201,13201,65.5
Mitchell,GA,13205,13205,62.19
Monroe,GA,13207,13207,79.15
Montgomery,GA,13209,13209,69.16
Morgan,GA,13211,13211,73.24
Murray,GA,13213,13213,69.62
Muscogee,GA,13215,13215,48.02
Newton,GA,13217,13217,67.63
Oconee,GA,13219,13219,82.93
Oglethorpe,GA,13221,13221,77.19
Paulding,GA,13223,13223,75.77
Peach,GA,13225,13225,65.39
Pickens,GA,13227,13227,75.9
Pierce,GA,13229,13229,77.48
Pike,GA,13231,13231,83.97
Polk,GA,13233,13233,64.58
Pulaski,GA,13235,13235,64.28
Putnam,GA,13237,13237,77.02
Quitman,GA,13239,13239,70.19
Rabun,GA,13241,13241,74.26
Randolph,GA,13243,13243,57.19
Richmond,GA,13245,13245,52.64
Rockdale,GA,13247,13247,66.36
Schley,GA,13249,13249,71.51
Screven,GA,13251,13251,73.48
Seminole,GA,13253,13253,65.27
Spalding,GA,13255,13255,62.48
Stephens,GA,13257,13257,69.8
Stewart,GA,13259,13259,73.51
Sumter,GA,13261,13261,55.51
Talbot,GA,13263,13263,79
Taliaferro,GA,13265,13265,68.97
Tattnall,GA,13267,13267,67.15
Taylor,GA,13269,13269,70.52
Telfair,GA,13271,13271,66.99
Terrell,GA,13273,13273,55.02
Thomas,GA,13275,13275,61.23
Tift,GA,13277,13277,60
Toombs,GA,13279,13279,60.54
Towns,GA,13281,13281,78.26
Treutlen,GA,13283,13283,66.91
Troup,GA,13285,13285,57.38
Turner,GA,13287,13287,69.14
Twiggs,GA,13289,13289,80.88
Union,GA,13291,13291,77.22
Upson,GA,13293,13293,67.57
Walker,GA,13295,13295,71.84
Walton,GA,13297,13297,74.26
Ware,GA,13299,13299,63.6
Warren,GA,13301,13301,66.58
Washington,GA,13303,13303,66.6
Wayne,GA,13305,13305,63.51
Webster,GA,13307,13307,83.95
Wheeler,GA,13309,13309,63.27
White,GA,13311,13311,75.86
Whitfield,GA,13313,13313,64.57
Wilcox,GA,13315,13315,76.12
Wilkes,GA,13317,13317,67.45
Wilkinson,GA,13319,13319,75.23
Worth,GA,13321,13321,65.43
Hawaii,HI,15001,15001,67.74
Honolulu,HI,15003,15003,56.19
Kalawao,HI,15005,15005,0
Kauai,HI,15007,15007,63.2
Maui,HI,15009,15009,61.05
Ada,ID,16001,16001,69.31
Adams,ID,16003,16003,80.31
Bannock,ID,16005,16005,67.54
Bear Lake,ID,16007,16007,76.57
Benewah,ID,16009,16009,73.29
Bingham,ID,16011,16011,76.79
Blaine,ID,16013,16013,70.06
Boise,ID,16015,16015,82.84
Bonner,ID,16017,16017,75.66
Bonneville,ID,16019,16019,69.63
Boundary,ID,16021,16021,76.66
Butte,ID,16023,16023,82.32
Camas,ID,16025,16025,75.63
Canyon,ID,16027,16027,69.5
Caribou,ID,16029,16029,79.31
Cassia,ID,16031,16031,70.26
Clark,ID,16033,16033,62.41
Clearwater,ID,16035,16035,78.06
Custer,ID,16037,16037,78.64
Elmore,ID,16039,16039,59.81
Franklin,ID,16041,16041,81.28
Fremont,ID,16043,16043,81.21
Gem,ID,16045,16045,74.8
Gooding,ID,16047,16047,70.47
Idaho,ID,16049,16049,76.68
Jefferson,ID,16051,16051,80.67
Jerome,ID,16053,16053,64.92
Kootenai,ID,16055,16055,70.4
Latah,ID,16057,16057,54.32
Lemhi,ID,16059,16059,77.64
Lewis,ID,16061,16061,69.44
Lincoln,ID,16063,16063,68.21
Madison,ID,16065,16065,44.6
Minidoka,ID,16067,16067,73.41
Nez Perce,ID,16069,16069,72.82
Oneida,ID,16071,16071,79.88
Owyhee,ID,16073,16073,70.91
Payette,ID,16075,16075,72.66
Power,ID,16077,16077,74.4
Shoshone,ID,16079,16079,69.96
Teton,ID,16081,16081,77.74
Twin Falls,ID,16083,16083,68.86
Valley,ID,16085,16085,80.82
Washington,ID,16087,16087,72.54
Adams,IL,17001,17001,71.84
Alexander,IL,17003,17003,73.72
Bond,IL,17005,17005,75.85
Boone,IL,17007,17007,81
Brown,IL,17009,17009,74.79
Bureau,IL,17011,17011,76.61
Calhoun,IL,17013,17013,87.26
Carroll,IL,17015,17015,76.61
Cass,IL,17017,17017,74.6
Champaign,IL,17019,17019,52.98
Christian,IL,17021,17021,75.07
Clark,IL,17023,17023,76.59
Clay,IL,17025,17025,74.53
Clinton,IL,17027,17027,79.65
Coles,IL,17029,17029,61.48
Cook,IL,17031,17031,56.92
Crawford,IL,17033,17033,77.67
Cumberland,IL,17035,17035,78.67
DeKalb,IL,17037,17037,57.03
De Witt,IL,17039,17039,78.73
Douglas,IL,17041,17041,73.99
DuPage,IL,17043,17043,73.37
Edgar,IL,17045,17045,76.5
Edwards,IL,17047,17047,80.2
Effingham,IL,17049,17049,75.39
Fayette,IL,17051,17051,80.5
Ford,IL,17053,17053,72.21
Franklin,IL,17055,17055,74.22
Fulton,IL,17057,17057,78.29
Gallatin,IL,17059,17059,77.06
Greene,IL,17061,17061,77.55
Grundy,IL,17063,17063,71.26
Hamilton,IL,17065,17065,80.03
Hancock,IL,17067,17067,81.39
Hardin,IL,17069,17069,81.95
Henderson,IL,17071,17071,82.2
Henry,IL,17073,17073,78.65
Iroquois,IL,17075,17075,76.13
Jackson,IL,17077,17077,51.47
Jasper,IL,17079,17079,78.87
Jefferson,IL,17081,17081,73.25
Jersey,IL,17083,17083,81.93
Jo Daviess,IL,17085,17085,78.38
Johnson,IL,17087,17087,84.15
Kane,IL,17089,17089,73.87
Kankakee,IL,17091,17091,68.03
Kendall,IL,17093,17093,83.58
Knox,IL,17095,17095,66.72
Lake,IL,17097,17097,73
LaSalle,IL,17099,17099,71.8
Lawrence,IL,17101,17101,74.17
Lee,IL,17103,17103,72.32
Livingston,IL,17105,17105,72.81
Logan,IL,17107,17107,72.74
McDonough,IL,17109,17109,66.35
McHenry,IL,17111,17111,79.39
McLean,IL,17113,17113,64.62
Macon,IL,17115,17115,68.41
Macoupin,IL,17117,17117,76.74
Madison,IL,17119,17119,71.36
Marion,IL,17121,17121,73.56
Marshall,IL,17123,17123,81.84
Mason,IL,17125,17125,77.85
Massac,IL,17127,17127,75.49
Menard,IL,17129,17129,78.08
Mercer,IL,17131,17131,79.04
Monroe,IL,17133,17133,83.42
Montgomery,IL,17135,17135,76.37
Morgan,IL,17137,17137,68.52
Moultrie,IL,17139,17139,77.63
Ogle,IL,17141,17141,73.21
Peoria,IL,17143,17143,65.1
Perry,IL,17145,17145,75.42
Piatt,IL,17147,17147,82.49
Pike,IL,17149,17149,78.57
Pope,IL,17151,17151,82.53
Pulaski,IL,17153,17153,76.37
Putnam,IL,17155,17155,80.52
Randolph,IL,17157,17157,73.99
Richland,IL,17159,17159,71.22
Rock Island,IL,17161,17161,67.99
St. Clair,IL,17163,17163,65.19
Saline,IL,17165,17165,74.53
Sangamon,IL,17167,17167,68.9
Schuyler,IL,17169,17169,75.75
Scott,IL,17171,17171,79.94
Shelby,IL,17173,17173,81.01
Stark,IL,17175,17175,78.49
Stephenson,IL,17177,17177,69.92
Tazewell,IL,17179,17179,76.4
Union,IL,17181,17181,77.26
Vermilion,IL,17183,17183,69.55
Wabash,IL,17185,17185,77.99
Warren,IL,17187,17187,74.31
Washington,IL,17189,17189,77.49
Wayne,IL,17191,17191,76.6
White,IL,17193,17193,80.58
Whiteside,IL,17195,17195,74.85
Will,IL,17197,17197,81.28
Williamson,IL,17199,17199,70.11
Winnebago,IL,17201,17201,65.86
Woodford,IL,17203,17203,81.78
Adams,IN,18001,18001,77.1
Allen,IN,18003,18003,68.43
Bartholomew,IN,18005,18005,71.44
Benton,IN,18007,18007,74.04
Blackford,IN,18009,18009,74.71
Boone,IN,18011,18011,77.14
Brown,IN,18013,18013,84.41
Carroll,IN,18015,18015,80.69
Cass,IN,18017,18017,73.96
Clark,IN,18019,18019,71.14
Clay,IN,18021,18021,77.56
Clinton,IN,18023,18023,70.57
Crawford,IN,18025,18025,82.61
Daviess,IN,18027,18027,73.48
Dearborn,IN,18029,18029,79.63
Decatur,IN,18031,18031,69.83
DeKalb,IN,18033,18033,76.07
Delaware,IN,18035,18035,63.47
Dubois,IN,18037,18037,77.9
Elkhart,IN,18039,18039,69.81
Fayette,IN,18041,18041,69.51
Floyd,IN,18043,18043,72.96
Fountain,IN,18045,18045,76.17
Franklin,IN,18047,18047,83.95
Fulton,IN,18049,18049,74.65
Gibson,IN,18051,18051,75.47
Grant,IN,18053,18053,68.43
Greene,IN,18055,18055,79.61
Hamilton,IN,18057,18057,76.95
Hancock,IN,18059,18059,79.24
Harrison,IN,18061,18061,82.99
Hendricks,IN,18063,18063,78.46
Henry,IN,18065,18065,73.49
Howard,IN,18067,18067,70.25
Huntington,IN,18069,18069,75.46
Jackson,IN,18071,18071,72.06
Jasper,IN,18073,18073,76.61
Jay,IN,18075,18075,73.01
Jefferson,IN,18077,18077,71.87
Jennings,IN,18079,18079,77.74
Johnson,IN,18081,18081,72.65
Knox,IN,18083,18083,64.56
Kosciusko,IN,18085,18085,74.78
LaGrange,IN,18087,18087,82.14
Lake,IN,18089,18089,69.69
LaPorte,IN,18091,18091,72.34
Lawrence,IN,18093,18093,76.98
Madison,IN,18095,18095,69.64
Marion,IN,18097,18097,53.86
Marshall,IN,18099,18099,74.72
Martin,IN,18101,18101,78.19
Miami,IN,18103,18103,71.49
Monroe,IN,18105,18105,55.92
Montgomery,IN,18107,18107,71.54
Morgan,IN,18109,18109,77.15
Newton,IN,18111,18111,77.91
Noble,IN,18113,18113,76.61
Ohio,IN,18115,18115,76.24
Orange,IN,18117,18117,74.37
Owen,IN,18119,18119,79.19
Parke,IN,18121,18121,78.75
Perry,IN,18123,18123,77.74
Pike,IN,18125,18125,82.36
Porter,IN,18127,18127,75.07
Posey,IN,18129,18129,81.72
Pulaski,IN,18131,18131,75.93
Putnam,IN,18133,18133,71.6
Randolph,IN,18135,18135,76.28
Ripley,IN,18137,18137,75.89
Rush,IN,18139,18139,71.37
St. Joseph,IN,18141,18141,68.18
Scott,IN,18143,18143,71.97
Shelby,IN,18145,18145,73.3
Spencer,IN,18147,18147,81.85
Starke,IN,18149,18149,80.15
Steuben,IN,18151,18151,77.77
Sullivan,IN,18153,18153,74.37
Switzerland,IN,18155,18155,74.84
Tippecanoe,IN,18157,18157,55.08
Tipton,IN,18159,18159,81.71
Union,IN,18161,18161,71.98
Vanderburgh,IN,18163,18163,64.78
Vermillion,IN,18165,18165,73.14
Vigo,IN,18167,18167,61.81
Wabash,IN,18169,18169,73.99
Warren,IN,18171,18171,83.85
Warrick,IN,18173,18173,78.51
Washington,IN,18175,18175,77.82
Wayne,IN,18177,18177,66.95
Wells,IN,18179,18179,78.86
White,IN,18181,18181,77.55
Whitley,IN,18183,18183,82.18
Adair,IA,19001,19001,74.31
Adams,IA,19003,19003,81.73
Allamakee,IA,19005,19005,79.34
Appanoose,IA,19007,19007,71.01
Audubon,IA,19009,19009,76.78
Benton,IA,19011,19011,82.84
Black Hawk,IA,19013,19013,65.49
Boone,IA,19015,19015,78.13
Bremer,IA,19017,19017,82.68
Buchanan,IA,19019,19019,79.31
Buena Vista,IA,19021,19021,64.61
Butler,IA,19023,19023,77.9
Calhoun,IA,19025,19025,78.82
Carroll,IA,19027,19027,75.83
Cass,IA,19029,19029,69.23
Cedar,IA,19031,19031,81.22
Cerro Gordo,IA,19033,19033,69.11
Cherokee,IA,19035,19035,74.62
Chickasaw,IA,19037,19037,80.67
Clarke,IA,19039,19039,70.42
Clay,IA,19041,19041,67.72
Clayton,IA,19043,19043,74.53
Clinton,IA,19045,19045,73.26
Crawford,IA,19047,19047,69.15
Dallas,IA,19049,19049,73.73
Davis,IA,19051,19051,85.2
Decatur,IA,19053,19053,67.03
Delaware,IA,19055,19055,84.36
Des Moines,IA,19057,19057,70.32
Dickinson,IA,19059,19059,79.39
Dubuque,IA,19061,19061,73.34
Emmet,IA,19063,19063,78.1
Fayette,IA,19065,19065,76.57
Floyd,IA,19067,19067,71.22
Franklin,IA,19069,19069,74.67
Fremont,IA,19071,19071,76.33
Greene,IA,19073,19073,73.41
Grundy,IA,19075,19075,81.55
Guthrie,IA,19077,19077,79.65
Hamilton,IA,19079,19079,72.38
Hancock,IA,19081,19081,77.08
Hardin,IA,19083,19083,74.89
Harrison,IA,19085,19085,75.73
Henry,IA,19087,19087,71.17
Howard,IA,19089,19089,79.66
Humboldt,IA,19091,19091,74.25
Ida,IA,19093,19093,75.56
Iowa,IA,19095,19095,80.41
Jackson,IA,19097,19097,79.01
Jasper,IA,19099,19099,74.5
Jefferson,IA,19101,19101,66.29
Johnson,IA,19103,19103,58.49
Jones,IA,19105,19105,78.31
Keokuk,IA,19107,19107,78.4
Kossuth,IA,19109,19109,75.7
Lee,IA,19111,19111,74.41
Linn,IA,19113,19113,73.83
Louisa,IA,19115,19115,76.91
Lucas,IA,19117,19117,78.14
Lyon,IA,19119,19119,85.36
Madison,IA,19121,19121,78.44
Mahaska,IA,19123,19123,69.02
Marion,IA,19125,19125,70.8
Marshall,IA,19127,19127,70.48
Mills,IA,19129,19129,77.85
Mitchell,IA,19131,19131,80.76
Monona,IA,19133,19133,72.35
Monroe,IA,19135,19135,79.9
Montgomery,IA,19137,19137,70.22
Muscatine,IA,19139,19139,73.43
O'Brien,IA,19141,19141,71.68
Osceola,IA,19143,19143,78.39
Page,IA,19145,19145,71.54
Palo Alto,IA,19147,19147,72.34
Plymouth,IA,19149,19149,77.51
Pocahontas,IA,19151,19151,77.26
Polk,IA,19153,19153,67.1
Pottawattamie,IA,19155,19155,68.43
Poweshiek,IA,19157,19157,68.59
Ringgold,IA,19159,19159,77.22
Sac,IA,19161,19161,79.39
Scott,IA,19163,19163,69.02
Shelby,IA,19165,19165,77.46
Sioux,IA,19167,19167,80.34
Story,IA,19169,19169,53.52
Tama,IA,19171,19171,75.79
Taylor,IA,19173,19173,78.25
Union,IA,19175,19175,70.4
Van Buren,IA,19177,19177,81.31
Wapello,IA,19179,19179,71.52
Warren,IA,19181,19181,79.01
Washington,IA,19183,19183,70.96
Wayne,IA,19185,19185,81.11
Webster,IA,19187,19187,68
Winnebago,IA,19189,19189,76.03
Winneshiek,IA,19191,19191,79.34
Woodbury,IA,19193,19193,66.44
Worth,IA,19195,19195,77.59
Wright,IA,19197,19197,71.7
Allen,KS,20001,20001,70.76
Anderson,KS,20003,20003,74.36
Atchison,KS,20005,20005,69.37
Barber,KS,20007,20007,71.76
Barton,KS,20009,20009,70.26
Bourbon,KS,20011,20011,71.4
Brown,KS,20013,20013,70.22
Butler,KS,20015,20015,74.48
Chase,KS,20017,20017,80.69
Chautauqua,KS,20019,20019,77.68
Cherokee,KS,20021,20021,72.71
Cheyenne,KS,20023,20023,80.02
Clark,KS,20025,20025,74.34
Clay,KS,20027,20027,71.06
Cloud,KS,20029,20029,72.92
Coffey,KS,20031,20031,75.87
Comanche,KS,20033,20033,79.63
Cowley,KS,20035,20035,67.43
Crawford,KS,20037,20037,59.38
Decatur,KS,20039,20039,73.72
Dickinson,KS,20041,20041,70.61
Doniphan,KS,20043,20043,72.03
Douglas,KS,20045,20045,51.31
Edwards,KS,20047,20047,77.98
Elk,KS,20049,20049,79.52
Ellis,KS,20051,20051,61.17
Ellsworth,KS,20053,20053,76.84
Finney,KS,20055,20055,64.37
Ford,KS,20057,20057,61.51
Franklin,KS,20059,20059,72.32
Geary,KS,20061,20061,37.91
Gove,KS,20063,20063,75.76
Graham,KS,20065,20065,82.27
Grant,KS,20067,20067,74.48
Gray,KS,20069,20069,78.15
Greeley,KS,20071,20071,63.01
Greenwood,KS,20073,20073,73.78
Hamilton,KS,20075,20075,71.69
Harper,KS,20077,20077,69.62
Harvey,KS,20079,20079,71.58
Haskell,KS,20081,20081,76.21
Hodgeman,KS,20083,20083,81.49
Jackson,KS,20085,20085,75.57
Jefferson,KS,20087,20087,84.07
Jewell,KS,20089,20089,81.3
Johnson,KS,20091,20091,69.23
Kearny,KS,20093,20093,76.1
Kingman,KS,20095,20095,78.55
Kiowa,KS,20097,20097,70.56
Labette,KS,20099,20099,69.51
Lane,KS,20101,20101,75.56
Leavenworth,KS,20103,20103,67.42
Lincoln,KS,20105,20105,77.88
Linn,KS,20107,20107,77.5
Logan,KS,20109,20109,69.21
Lyon,KS,20111,20111,60.01
McPherson,KS,20113,20113,69.51
Marion,KS,20115,20115,78.54
Marshall,KS,20117,20117,78.7
Meade,KS,20119,20119,69.21
Miami,KS,20121,20121,79.23
Mitchell,KS,20123,20123,71.28
Montgomery,KS,20125,20125,68.78
Morris,KS,20127,20127,80.35
Morton,KS,20129,20129,69.46
Nemaha,KS,20131,20131,74.92
Neosho,KS,20133,20133,70.35
Ness,KS,20135,20135,83.37
Norton,KS,20137,20137,80.16
Osage,KS,20139,20139,74.69
Osborne,KS,20141,20141,74.76
Ottawa,KS,20143,20143,79.6
Pawnee,KS,20145,20145,66.05
Phillips,KS,20147,20147,75.73
Pottawatomie,KS,20149,20149,78.65
Pratt,KS,20151,20151,67.74
Rawlins,KS,20153,20153,74.06
Reno,KS,20155,20155,69.29
Republic,KS,20157,20157,72.9
Rice,KS,20159,20159,74.5
Riley,KS,20161,20161,43.19
Rooks,KS,20163,20163,76.98
Rush,KS,20165,20165,75.79
Russell,KS,20167,20167,78.01
Saline,KS,20169,20169,66.7
Scott,KS,20171,20171,69.95
Sedgwick,KS,20173,20173,62.95
Seward,KS,20175,20175,66.71
Shawnee,KS,20177,20177,64.43
Sheridan,KS,20179,20179,76.72
Sherman,KS,20181,20181,66.9
Smith,KS,20183,20183,77.07
Stafford,KS,20185,20185,81.2
Stanton,KS,20187,20187,74.35
Stevens,KS,20189,20189,70.23
Sumner,KS,20191,20191,74.12
Thomas,KS,20193,20193,67.61
Trego,KS,20195,20195,74.91
Wabaunsee,KS,20197,20197,85.46
Wallace,KS,20199,20199,75.94
Washington,KS,20201,20201,77.92
Wichita,KS,20203,20203,73.34
Wilson,KS,20205,20205,73.3
Woodson,KS,20207,20207,77.06
Wyandotte,KS,20209,20209,57.41
Adair,KY,21001,21001,76.12
Allen,KY,21003,21003,74.92
Anderson,KY,21005,21005,76.05
Ballard,KY,21007,21007,80.69
Barren,KY,21009,21009,66.68
Bath,KY,21011,21011,72.07
Bell,KY,21013,21013,66.05
Boone,KY,21015,21015,74.5
Bourbon,KY,21017,21017,63.15
Boyd,KY,21019,21019,68.76
Boyle,KY,21021,21021,67.17
Bracken,KY,21023,21023,74.02
Breathitt,KY,21025,21025,71.02
Breckinridge,KY,21027,21027,80.59
Bullitt,KY,21029,21029,80.31
Butler,KY,21031,21031,72.05
Caldwell,KY,21033,21033,76.37
Calloway,KY,21035,21035,62.44
Campbell,KY,21037,21037,69.73
Carlisle,KY,21039,21039,81.72
Carroll,KY,21041,21041,64.33
Carter,KY,21043,21043,77.37
Casey,KY,21045,21045,77.29
Christian,KY,21047,21047,48.11
Clark,KY,21049,21049,67.36
Clay,KY,21051,21051,67.86
Clinton,KY,21053,21053,69.51
Crittenden,KY,21055,21055,81.89
Cumberland,KY,21057,21057,72.9
Daviess,KY,21059,21059,67.94
Edmonson,KY,21061,21061,80.39
Elliott,KY,21063,21063,75.35
Estill,KY,21065,21065,72.14
Fayette,KY,21067,21067,54.44
Fleming,KY,21069,21069,73.22
Floyd,KY,21071,21071,69.91
Franklin,KY,21073,21073,62.8
Fulton,KY,21075,21075,61.33
Gallatin,KY,21077,21077,72.01
Garrard,KY,21079,21079,82.4
Grant,KY,21081,21081,68.52
Graves,KY,21083,21083,75.47
Grayson,KY,21085,21085,72.6
Green,KY,21087,21087,73.83
Greenup,KY,21089,21089,77.59
Hancock,KY,21091,21091,79.19
Hardin,KY,21093,21093,61.48
Harlan,KY,21095,21095,68.83
Harrison,KY,21097,21097,68.96
Hart,KY,21099,21099,74.13
Henderson,KY,21101,21101,61.32
Henry,KY,21103,21103,72.12
Hickman,KY,21105,21105,82.81
Hopkins,KY,21107,21107,69.46
Jackson,KY,21109,21109,75.18
Jefferson,KY,21111,21111,61.75
Jessamine,KY,21113,21113,64.58
Johnson,KY,21115,21115,71.9
Kenton,KY,21117,21117,66.13
Knott,KY,21119,21119,74.77
Knox,KY,21121,21121,65.5
Larue,KY,21123,21123,74.08
Laurel,KY,21125,21125,69.94
Lawrence,KY,21127,21127,74.93
Lee,KY,21129,21129,68.9
Leslie,KY,21131,21131,81.38
Letcher,KY,21133,21133,74.17
Lewis,KY,21135,21135,73.97
Lincoln,KY,21137,21137,78.33
Livingston,KY,21139,21139,79.28
Logan,KY,21141,21141,69.7
Lyon,KY,21143,21143,79.36
McCracken,KY,21145,21145,65.07
McCreary,KY,21147,21147,70.14
McLean,KY,21149,21149,78.42
Madison,KY,21151,21151,59.05
Magoffin,KY,21153,21153,72.53
Marion,KY,21155,21155,73.38
Marshall,KY,21157,21157,80.96
Martin,KY,21159,21159,70.46
Mason,KY,21161,21161,67.63
Meade,KY,21163,21163,72.62
Menifee,KY,21165,21165,79.82
Mercer,KY,21167,21167,72.27
Metcalfe,KY,21169,21169,78.35
Monroe,KY,21171,21171,69.72
Montgomery,KY,21173,21173,67.86
Morgan,KY,21175,21175,74.66
Muhlenberg,KY,21177,21177,79.63
Nelson,KY,21179,21179,75.96
Nicholas,KY,21181,21181,68.87
Ohio,KY,21183,21183,76.08
Oldham,KY,21185,21185,84.7
Owen,KY,21187,21187,74.77
Owsley,KY,21189,21189,68.43
Pendleton,KY,21191,21191,75.31
Perry,KY,21193,21193,75.85
Pike,KY,21195,21195,72.95
Powell,KY,21197,21197,69.04
Pulaski,KY,21199,21199,68.98
Robertson,KY,21201,21201,74.91
Rockcastle,KY,21203,21203,76.16
Rowan,KY,21205,21205,59.84
Russell,KY,21207,21207,74.13
Scott,KY,21209,21209,70.03
Shelby,KY,21211,21211,70.21
Simpson,KY,21213,21213,64.97
Spencer,KY,21215,21215,85.14
Taylor,KY,21217,21217,60.26
Todd,KY,21219,21219,67.46
Trigg,KY,21221,21221,80.96
Trimble,KY,21223,21223,77.1
Union,KY,21225,21225,70.79
Warren,KY,21227,21227,58.71
Washington,KY,21229,21229,74.96
Wayne,KY,21231,21231,73.51
Webster,KY,21233,21233,71.82
Whitley,KY,21235,21235,68.8
Wolfe,KY,21237,21237,63.39
Woodford,KY,21239,21239,70.7
Acadia,LA,22001,22001,71.08
Allen,LA,22003,22003,74.52
Ascension,LA,22005,22005,81.52
Assumption,LA,22007,22007,78.15
Avoyelles,LA,22009,22009,69.49
Beauregard,LA,22011,22011,77.47
Bienville,LA,22013,22013,73.09
Bossier,LA,22015,22015,63.42
Caddo,LA,22017,22017,59.83
Calcasieu,LA,22019,22019,67.46
Caldwell,LA,22021,22021,76.51
Cameron,LA,22023,22023,84.42
Catahoula,LA,22025,22025,80.23
Claiborne,LA,22027,22027,65.93
Concordia,LA,22029,22029,66.14
De Soto,LA,22031,22031,71.31
East Baton Rouge,LA,22033,22033,59.77
East Carroll,LA,22035,22035,51.6
East Feliciana,LA,22037,22037,80.54
Evangeline,LA,22039,22039,65.52
Franklin,LA,22041,22041,72.75
Grant,LA,22043,22043,68.72
Iberia,LA,22045,22045,67.88
Iberville,LA,22047,22047,73.44
Jackson,LA,22049,22049,70.98
Jefferson,LA,22051,22051,61.2
Jefferson Davis,LA,22053,22053,72.91
Lafayette,LA,22055,22055,64.85
Lafourche,LA,22057,22057,76.48
La Salle,LA,22059,22059,76.59
Lincoln,LA,22061,22061,51.49
Livingston,LA,22063,22063,81.84
Madison,LA,22065,22065,53.18
Morehouse,LA,22067,22067,66.77
Natchitoches,LA,22069,22069,43.82
Orleans,LA,22071,22071,48.26
Ouachita,LA,22073,22073,58.39
Plaquemines,LA,22075,22075,68.79
Pointe Coupee,LA,22077,22077,76.31
Rapides,LA,22079,22079,61.71
Red River,LA,22081,22081,73.64
Richland,LA,22083,22083,66.72
Sabine,LA,22085,22085,68.16
St. Bernard,LA,22087,22087,67.71
St. Charles,LA,22089,22089,80.73
St. Helena,LA,22091,22091,78.95
St. James,LA,22093,22093,79
St. John the Baptist,LA,22095,22095,78.52
St. Landry,LA,22097,22097,68.26
St. Martin,LA,22099,22099,78.83
St. Mary,LA,22101,22101,60.72
St. Tammany,LA,22103,22103,78.37
Tangipahoa,LA,22105,22105,69
Tensas,LA,22107,22107,67.52
Terrebonne,LA,22109,22109,71.52
Union,LA,22111,22111,81.72
Vermilion,LA,22113,22113,77.18
Vernon,LA,22115,22115,53.02
Washington,LA,22117,22117,67.42
Webster,LA,22119,22119,66.91
West Baton Rouge,LA,22121,22121,73.06
West Carroll,LA,22123,22123,76.89
West Feliciana,LA,22125,22125,73.2
Winn,LA,22127,22127,67.23
Androscoggin,ME,23001,23001,64.34
Aroostook,ME,23003,23003,71.98
Cumberland,ME,23005,23005,69.28
Franklin,ME,23007,23007,79.42
Hancock,ME,23009,23009,76.31
Kennebec,ME,23011,23011,70.53
Knox,ME,23013,23013,77.24
Lincoln,ME,23015,23015,79.21
Oxford,ME,23017,23017,80.8
Penobscot,ME,23019,23019,69.38
Piscataquis,ME,23021,23021,75.9
Sagadahoc,ME,23023,23023,74.52
Somerset,ME,23025,23025,76.12
Waldo,ME,23027,23027,79.19
Washington,ME,23029,23029,76.52
York,ME,23031,23031,73.88
Allegany,MD,24001,24001,68.83
Anne Arundel,MD,24003,24003,74.17
Baltimore,MD,24005,24005,66.06
Calvert,MD,24009,24009,84.67
Caroline,MD,24011,24011,72.85
Carroll,MD,24013,24013,82
Cecil,MD,24015,24015,73.03
Charles,MD,24017,24017,76.85
Dorchester,MD,24019,24019,68.03
Frederick,MD,24021,24021,75.24
Garrett,MD,24023,24023,78.64
Harford,MD,24025,24025,78.65
Howard,MD,24027,24027,73.15
Kent,MD,24029,24029,69.25
Montgomery,MD,24031,24031,65.41
Prince George's,MD,24033,24033,62.07
Queen Anne's,MD,24035,24035,80.99
St. Mary's,MD,24037,24037,71.05
Somerset,MD,24039,24039,65.02
Talbot,MD,24041,24041,70.3
Washington,MD,24043,24043,65.94
Wicomico,MD,24045,24045,57.66
Worcester,MD,24047,24047,75.07
Baltimore City,MD,24510,24510,47.5
Barnstable,MA,25001,25001,79.82
Berkshire,MA,25003,25003,69.2
Bristol,MA,25005,25005,62.64
Dukes,MA,25007,25007,72.33
Essex,MA,25009,25009,64.17
Franklin,MA,25011,25011,68.63
Hampden,MA,25013,25013,61.12
Hampshire,MA,25015,25015,66.86
Middlesex,MA,25017,25017,62.36
Nantucket,MA,25019,25019,70.54
Norfolk,MA,25021,25021,68.92
Plymouth,MA,25023,25023,76.49
Suffolk,MA,25025,25025,36.09
Worcester,MA,25027,25027,65.11
Alcona,MI,26001,26001,88.81
Alger,MI,26003,26003,84.04
Allegan,MI,26005,26005,82.57
Alpena,MI,26007,26007,77.95
Antrim,MI,26009,26009,87.09
Arenac,MI,26011,26011,83.79
Baraga,MI,26013,26013,80.27
Barry,MI,26015,26015,83.55
Bay,MI,26017,26017,76.77
Benzie,MI,26019,26019,89.71
Berrien,MI,26021,26021,70.7
Branch,MI,26023,26023,74.22
Calhoun,MI,26025,26025,69.91
Cass,MI,26027,26027,80.02
Charlevoix,MI,26029,26029,80.87
Cheboygan,MI,26031,26031,82.38
Chippewa,MI,26033,26033,67.45
Clare,MI,26035,26035,82.91
Clinton,MI,26037,26037,79.99
Crawford,MI,26039,26039,81.19
Delta,MI,26041,26041,77.4
Dickinson,MI,26043,26043,77.36
Eaton,MI,26045,26045,72.28
Emmet,MI,26047,26047,72.83
Genesee,MI,26049,26049,70.03
Gladwin,MI,26051,26051,84.9
Gogebic,MI,26053,26053,77.46
Grand Traverse,MI,26055,26055,76.32
Gratiot,MI,26057,26057,74.31
Hillsdale,MI,26059,26059,76.47
Houghton,MI,26061,26061,66.89
Huron,MI,26063,26063,80.88
Ingham,MI,26065,26065,58.47
Ionia,MI,26067,26067,76.61
Iosco,MI,26069,26069,79.95
Iron,MI,26071,26071,80.77
Isabella,MI,26073,26073,62.14
Jackson,MI,26075,26075,73.47
Kalamazoo,MI,26077,26077,64.01
Kalkaska,MI,26079,26079,82.59
Kent,MI,26081,26081,69.78
Keweenaw,MI,26083,26083,87.97
Lake,MI,26085,26085,84.15
Lapeer,MI,26087,26087,83.95
Leelanau,MI,26089,26089,88.31
Lenawee,MI,26091,26091,77.53
Livingston,MI,26093,26093,85.4
Luce,MI,26095,26095,79.47
Mackinac,MI,26097,26097,71.85
Macomb,MI,26099,26099,73.33
Manistee,MI,26101,26101,83.44
Marquette,MI,26103,26103,70.77
Mason,MI,26105,26105,76.86
Mecosta,MI,26107,26107,73.34
Menominee,MI,26109,26109,77.72
Midland,MI,26111,26111,76.6
Missaukee,MI,26113,26113,80.12
Monroe,MI,26115,26115,79.72
Montcalm,MI,26117,26117,78.1
Montmorency,MI,26119,26119,84.05
Muskegon,MI,26121,26121,74.72
Newaygo,MI,26123,26123,83.89
Oakland,MI,26125,26125,71.03
Oceana,MI,26127,26127,82.57
Ogemaw,MI,26129,26129,81.4
Ontonagon,MI,26131,26131,88.22
Osceola,MI,26133,26133,80.67
Oscoda,MI,26135,26135,85.26
Otsego,MI,26137,26137,78.9
Ottawa,MI,26139,26139,77.7
Presque Isle,MI,26141,26141,88.79
Roscommon,MI,26143,26143,82.03
Saginaw,MI,26145,26145,71.26
St. Clair,MI,26147,26147,77.32
St. Joseph,MI,26149,26149,74.61
Sanilac,MI,26151,26151,78.72
Schoolcraft,MI,26153,26153,83.71
Shiawassee,MI,26155,26155,75.59
Tuscola,MI,26157,26157,82.43
Van Buren,MI,26159,26159,76.97
Washtenaw,MI,26161,26161,61.12
Wayne,MI,26163,26163,62.02
Wexford,MI,26165,26165,76.82
Aitkin,MN,27001,27001,82.15
Anoka,MN,27003,27003,80.1
Becker,MN,27005,27005,78.51
Beltrami,MN,27007,27007,67.06
Benton,MN,27009,27009,67.38
Big Stone,MN,27011,27011,72.93
Blue Earth,MN,27013,27013,62.01
Brown,MN,27015,27015,79.17
Carlton,MN,27017,27017,79.81
Carver,MN,27019,27019,81.91
Cass,MN,27021,27021,81.49
Chippewa,MN,27023,27023,66.71
Chisago,MN,27025,27025,86.36
Clay,MN,27027,27027,67.49
Clearwater,MN,27029,27029,81.32
Cook,MN,27031,27031,76.89
Cottonwood,MN,27033,27033,78.09
Crow Wing,MN,27035,27035,76.54
Dakota,MN,27037,27037,74.01
Dodge,MN,27039,27039,83.94
Douglas,MN,27041,27041,74.3
Faribault,MN,27043,27043,77.5
Fillmore,MN,27045,27045,80.81
Freeborn,MN,27047,27047,76.68
Goodhue,MN,27049,27049,75.28
Grant,MN,27051,27051,77.41
Hennepin,MN,27053,27053,62.37
Houston,MN,27055,27055,80.13
Hubbard,MN,27057,27057,81.19
Isanti,MN,27059,27059,82.53
Itasca,MN,27061,27061,81.27
Jackson,MN,27063,27063,81.04
Kanabec,MN,27065,27065,84.81
Kandiyohi,MN,27067,27067,74.01
Kittson,MN,27069,27069,80.54
Koochiching,MN,27071,27071,78.78
Lac qui Parle,MN,27073,27073,80.94
Lake,MN,27075,27075,82.03
Lake of the Woods,MN,27077,27077,80.88
Le Sueur,MN,27079,27079,81.59
Lincoln,MN,27081,27081,78.81
Lyon,MN,27083,27083,68.39
McLeod,MN,27085,27085,77.65
Mahnomen,MN,27087,27087,68.04
Marshall,MN,27089,27089,82.57
Martin,MN,27091,27091,73.82
Meeker,MN,27093,27093,80.39
Mille Lacs,MN,27095,27095,75.09
Morrison,MN,27097,27097,77.23
Mower,MN,27099,27099,72.98
Murray,MN,27101,27101,81.15
Nicollet,MN,27103,27103,73.88
Nobles,MN,27105,27105,70.67
Norman,MN,27107,27107,81.94
Olmsted,MN,27109,27109,72.74
Otter Tail,MN,27111,27111,78.28
Pennington,MN,27113,27113,72.83
Pine,MN,27115,27115,80.92
Pipestone,MN,27117,27117,74.91
Polk,MN,27119,27119,72.94
Pope,MN,27121,27121,77.53
Ramsey,MN,27123,27123,59.44
Red Lake,MN,27125,27125,83.58
Redwood,MN,27127,27127,78.49
Renville,MN,27129,27129,77.96
Rice,MN,27131,27131,73.98
Rock,MN,27133,27133,75.47
Roseau,MN,27135,27135,81.56
St. Louis,MN,27137,27137,71.3
Scott,MN,27139,27139,82.85
Sherburne,MN,27141,27141,83.64
Sibley,MN,27143,27143,79.11
Stearns,MN,27145,27145,68.08
Steele,MN,27147,27147,75.16
Stevens,MN,27149,27149,68.46
Swift,MN,27151,27151,70.26
Todd,MN,27153,27153,82.57
Traverse,MN,27155,27155,79.6
Wabasha,MN,27157,27157,78.63
Wadena,MN,27159,27159,76.51
Waseca,MN,27161,27161,77.51
Washington,MN,27163,27163,81.13
Watonwan,MN,27165,27165,76.89
Wilkin,MN,27167,27167,78.11
Winona,MN,27169,27169,70.43
Wright,MN,27171,27171,81.57
Yellow Medicine,MN,27173,27173,79.45
Adams,MS,28001,28001,62.42
Alcorn,MS,28003,28003,68.7
Amite,MS,28005,28005,84.9
Attala,MS,28007,28007,72.48
Benton,MS,28009,28009,80.6
Bolivar,MS,28011,28011,53.6
Calhoun,MS,28013,28013,74.55
Carroll,MS,28015,28015,81.16
Chickasaw,MS,28017,28017,69.69
Choctaw,MS,28019,28019,78.56
Claiborne,MS,28021,28021,69.46
Clarke,MS,28023,28023,83.29
Clay,MS,28025,28025,71.36
Coahoma,MS,28027,28027,50.58
Copiah,MS,28029,28029,77.24
Covington,MS,28031,28031,78.21
DeSoto,MS,28033,28033,73.99
Forrest,MS,28035,28035,54.5
Franklin,MS,28037,28037,76.91
George,MS,28039,28039,81.8
Greene,MS,28041,28041,82.78
Grenada,MS,28043,28043,63.96
Hancock,MS,28045,28045,75.52
Harrison,MS,28047,28047,56.64
Hinds,MS,28049,28049,58.02
Holmes,MS,28051,28051,61.26
Humphreys,MS,28053,28053,61.86
Issaquena,MS,28055,28055,43.69
Itawamba,MS,28057,28057,76.34
Jackson,MS,28059,28059,69.79
Jasper,MS,28061,28061,85.04
Jefferson,MS,28063,28063,67.36
Jefferson Davis,MS,28065,28065,75.6
Jones,MS,28067,28067,72.65
Kemper,MS,28069,28069,73.64
Lafayette,MS,28071,28071,62.05
Lamar,MS,28073,28073,67.46
Lauderdale,MS,28075,28075,64.46
Lawrence,MS,28077,28077,75.19
Leake,MS,28079,28079,70.8
Lee,MS,28081,28081,67.87
Leflore,MS,28083,28083,50.61
Lincoln,MS,28085,28085,75.34
Lowndes,MS,28087,28087,63.53
Madison,MS,28089,28089,71.68
Marion,MS,28091,28091,82.25
Marshall,MS,28093,28093,75.51
Monroe,MS,28095,28095,74.3
Montgomery,MS,28097,28097,69.24
Neshoba,MS,28099,28099,71.55
Newton,MS,28101,28101,77.16
Noxubee,MS,28103,28103,72.93
Oktibbeha,MS,28105,28105,51.7
Panola,MS,28107,28107,69.63
Pearl River,MS,28109,28109,77.8
Perry,MS,28111,28111,82.24
Pike,MS,28113,28113,69.01
Pontotoc,MS,28115,28115,71.27
Prentiss,MS,28117,28117,72.73
Quitman,MS,28119,28119,58.67
Rankin,MS,28121,28121,76.51
Scott,MS,28123,28123,74.12
Sharkey,MS,28125,28125,64.08
Simpson,MS,28127,28127,79.74
Smith,MS,28129,28129,83.02
Stone,MS,28131,28131,74.52
Sunflower,MS,28133,28133,53.57
Tallahatchie,MS,28135,28135,71.96
Tate,MS,28137,28137,74.83
Tippah,MS,28139,28139,72.3
Tishomingo,MS,28141,28141,75.52
Tunica,MS,28143,28143,40.23
Union,MS,28145,28145,73.14
Walthall,MS,28147,28147,87.88
Warren,MS,28149,28149,66.1
Washington,MS,28151,28151,52.89
Wayne,MS,28153,28153,83.47
Webster,MS,28155,28155,76.31
Wilkinson,MS,28157,28157,79.94
Winston,MS,28159,28159,73.09
Yalobusha,MS,28161,28161,70.04
Yazoo,MS,28163,28163,63.16
Adair,MO,29001,29001,60.07
Andrew,MO,29003,29003,79.93
Atchison,MO,29005,29005,69.71
Audrain,MO,29007,29007,68.49
Barry,MO,29009,29009,73.74
Barton,MO,29011,29011,70.07
Bates,MO,29013,29013,72.72
Benton,MO,29015,29015,81.63
Bollinger,MO,29017,29017,80.82
Boone,MO,29019,29019,55.61
Buchanan,MO,29021,29021,62.35
Butler,MO,29023,29023,63.69
Caldwell,MO,29025,29025,76.12
Callaway,MO,29027,29027,72.51
Camden,MO,29029,29029,80.71
Cape Girardeau,MO,29031,29031,64.98
Carroll,MO,29033,29033,74.25
Carter,MO,29035,29035,77.41
Cass,MO,29037,29037,76.5
Cedar,MO,29039,29039,70.71
Chariton,MO,29041,29041,78.26
Christian,MO,29043,29043,74.25
Clark,MO,29045,29045,74.86
Clay,MO,29047,29047,68.65
Clinton,MO,29049,29049,76.42
Cole,MO,29051,29051,66.29
Cooper,MO,29053,29053,72.57
Crawford,MO,29055,29055,71.43
Dade,MO,29057,29057,76.79
Dallas,MO,29059,29059,76.07
Daviess,MO,29061,29061,79.31
DeKalb,MO,29063,29063,69.11
Dent,MO,29065,29065,73.5
Douglas,MO,29067,29067,79.75
Dunklin,MO,29069,29069,62.04
Franklin,MO,29071,29071,74.51
Gasconade,MO,29073,29073,78.36
Gentry,MO,29075,29075,73.58
Greene,MO,29077,29077,56.05
Grundy,MO,29079,29079,68.24
Harrison,MO,29081,29081,72.7
Henry,MO,29083,29083,72.23
Hickory,MO,29085,29085,82.22
Holt,MO,29087,29087,76.21
Howard,MO,29089,29089,78.25
Howell,MO,29091,29091,68.4
Iron,MO,29093,29093,70.81
Jackson,MO,29095,29095,58.24
Jasper,MO,29097,29097,63.59
Jefferson,MO,29099,29099,79.37
Johnson,MO,29101,29101,60.98
Knox,MO,29103,29103,82.62
Laclede,MO,29105,29105,69.49
Lafayette,MO,29107,29107,70.79
Lawrence,MO,29109,29109,71.79
Lewis,MO,29111,29111,76.12
Lincoln,MO,29113,29113,78.49
Linn,MO,29115,29115,72.88
Livingston,MO,29117,29117,66.61
McDonald,MO,29119,29119,68.6
Macon,MO,29121,29121,74.63
Madison,MO,29123,29123,71.81
Maries,MO,29125,29125,74.88
Marion,MO,29127,29127,65.4
Mercer,MO,29129,29129,78.6
Miller,MO,29131,29131,74.24
Mississippi,MO,29133,29133,59.71
Moniteau,MO,29135,29135,77.02
Monroe,MO,29137,29137,74.53
Montgomery,MO,29139,29139,70
Morgan,MO,29141,29141,80.73
New Madrid,MO,29143,29143,63.45
Newton,MO,29145,29145,71.51
Nodaway,MO,29147,29147,57.82
Oregon,MO,29149,29149,73.83
Osage,MO,29151,29151,84.55
Ozark,MO,29153,29153,77.59
Pemiscot,MO,29155,29155,54.15
Perry,MO,29157,29157,75
Pettis,MO,29159,29159,68.79
Phelps,MO,29161,29161,59.65
Pike,MO,29163,29163,71.68
Platte,MO,29165,29165,65.91
Polk,MO,29167,29167,69
Pulaski,MO,29169,29169,49.31
Putnam,MO,29171,29171,77.18
Ralls,MO,29173,29173,83.25
Randolph,MO,29175,29175,71.5
Ray,MO,29177,29177,78.54
Reynolds,MO,29179,29179,78.7
Ripley,MO,29181,29181,78.99
St. Charles,MO,29183,29183,80.63
St. Clair,MO,29185,29185,78.28
Ste. Genevieve,MO,29186,29186,80.09
St. Francois,MO,29187,29187,68.45
St. Louis,MO,29189,29189,68.56
Saline,MO,29195,29195,69.56
Schuyler,MO,29197,29197,69.29
Scotland,MO,29199,29199,77.55
Scott,MO,29201,29201,66.66
Shannon,MO,29203,29203,73.37
Shelby,MO,29205,29205,73.85
Stoddard,MO,29207,29207,68.04
Stone,MO,29209,29209,81.74
Sullivan,MO,29211,29211,74.48
Taney,MO,29213,29213,61.69
Texas,MO,29215,29215,72.36
Vernon,MO,29217,29217,71.69
Warren,MO,29219,29219,78.87
Washington,MO,29221,29221,79.45
Wayne,MO,29223,29223,73.5
Webster,MO,29225,29225,75.01
Worth,MO,29227,29227,76.37
Wright,MO,29229,29229,69.96
St. Louis City,MO,29510,29510,43.66
Beaverhead,MT,30001,30001,67.76
Big Horn,MT,30003,30003,63.4
Blaine,MT,30005,30005,58.03
Broadwater,MT,30007,30007,82.53
Carbon,MT,30009,30009,76.39
Carter,MT,30011,30011,71.97
Cascade,MT,30013,30013,64.37
Chouteau,MT,30015,30015,63.76
Custer,MT,30017,30017,68.75
Daniels,MT,30019,30019,78.41
Dawson,MT,30021,30021,68.27
Deer Lodge,MT,30023,30023,67.77
Fallon,MT,30025,30025,72.04
Fergus,MT,30027,30027,72.84
Flathead,MT,30029,30029,74.12
Gallatin,MT,30031,30031,61.18
Garfield,MT,30033,30033,73.06
Glacier,MT,30035,30035,58.78
Golden Valley,MT,30037,30037,76.92
Granite,MT,30039,30039,79.13
Hill,MT,30041,30041,61.85
Jefferson,MT,30043,30043,84.32
Judith Basin,MT,30045,30045,75.72
Lake,MT,30047,30047,71.98
Lewis and Clark,MT,30049,30049,69.45
Liberty,MT,30051,30051,63.02
Lincoln,MT,30053,30053,80.34
McCone,MT,30055,30055,80.77
Madison,MT,30057,30057,76.97
Meagher,MT,30059,30059,72.51
Mineral,MT,30061,30061,73.96
Missoula,MT,30063,30063,58.89
Musselshell,MT,30065,30065,71.99
Park,MT,30067,30067,68.53
Petroleum,MT,30069,30069,74.51
Phillips,MT,30071,30071,77.08
Pondera,MT,30073,30073,74.61
Powder River,MT,30075,30075,74.63
Powell,MT,30077,30077,67.07
Prairie,MT,30079,30079,83.98
Ravalli,MT,30081,30081,76.29
Richland,MT,30083,30083,65.98
Roosevelt,MT,30085,30085,62.89
Rosebud,MT,30087,30087,69.17
Sanders,MT,30089,30089,77.56
Sheridan,MT,30091,30091,78.77
Silver Bow,MT,30093,30093,68.9
Stillwater,MT,30095,30095,80.72
Sweet Grass,MT,30097,30097,72.35
Teton,MT,30099,30099,69.89
Toole,MT,30101,30101,59.4
Treasure,MT,30103,30103,68.09
Valley,MT,30105,30105,74.9
Wheatland,MT,30107,30107,74.75
Wibaux,MT,30109,30109,79.72
Yellowstone,MT,30111,30111,68.4
Adams,NE,31001,31001,66.46
Antelope,NE,31003,31003,75.53
Arthur,NE,31005,31005,66.5
Banner,NE,31007,31007,69.61
Blaine,NE,31009,31009,73.71
Boone,NE,31011,31011,76.16
Box Butte,NE,31013,31013,68.61
Boyd,NE,31015,31015,81.53
Brown,NE,31017,31017,75.41
Buffalo,NE,31019,31019,64.99
Burt,NE,31021,31021,76.58
Butler,NE,31023,31023,77.88
Cass,NE,31025,31025,81.69
Cedar,NE,31027,31027,80.55
Chase,NE,31029,31029,75.64
Cherry,NE,31031,31031,61.25
Cheyenne,NE,31033,31033,66.62
Clay,NE,31035,31035,79.76
Colfax,NE,31037,31037,72.34
Cuming,NE,31039,31039,69.71
Custer,NE,31041,31041,69.56
Dakota,NE,31043,31043,65.21
Dawes,NE,31045,31045,64.62
Dawson,NE,31047,31047,67.32
Deuel,NE,31049,31049,76.27
Dixon,NE,31051,31051,78.53
Dodge,NE,31053,31053,62.13
Douglas,NE,31055,31055,61.71
Dundy,NE,31057,31057,72.13
Fillmore,NE,31059,31059,77.53
Franklin,NE,31061,31061,80.61
Frontier,NE,31063,31063,70.22
Furnas,NE,31065,31065,74.62
Gage,NE,31067,31067,69.57
Garden,NE,31069,31069,73.73
Garfield,NE,31071,31071,77.83
Gosper,NE,31073,31073,70.49
Grant,NE,31075,31075,70.49
Greeley,NE,31077,31077,80.96
Hall,NE,31079,31079,62.34
Hamilton,NE,31081,31081,77.03
Harlan,NE,31083,31083,79.36
Hayes,NE,31085,31085,75.19
Hitchcock,NE,31087,31087,73.93
Holt,NE,31089,31089,72.16
Hooker,NE,31091,31091,62.58
Howard,NE,31093,31093,76.51
Jefferson,NE,31095,31095,71.23
Johnson,NE,31097,31097,73.41
Kearney,NE,31099,31099,73.14
Keith,NE,31101,31101,68.8
Keya Paha,NE,31103,31103,72.7
Kimball,NE,31105,31105,71.4
Knox,NE,31107,31107,74.15
Lancaster,NE,31109,31109,59.8
Lincoln,NE,31111,31111,66.98
Logan,NE,31113,31113,73.78
Loup,NE,31115,31115,76.53
McPherson,NE,31117,31117,72.77
Madison,NE,31119,31119,65.61
Merrick,NE,31121,31121,74.53
Morrill,NE,31123,31123,71.55
Nance,NE,31125,31125,80.47
Nemaha,NE,31127,31127,72.93
Nuckolls,NE,31129,31129,75.84
Otoe,NE,31131,31131,69.8
Pawnee,NE,31133,31133,83.39
Perkins,NE,31135,31135,77.85
Phelps,NE,31137,31137,71.78
Pierce,NE,31139,31139,75.91
Platte,NE,31141,31141,72.46
Polk,NE,31143,31143,83.09
Red Willow,NE,31145,31145,72.94
Richardson,NE,31147,31147,75.89
Rock,NE,31149,31149,79.78
Saline,NE,31151,31151,70.6
Sarpy,NE,31153,31153,68.94
Saunders,NE,31155,31155,78.07
Scotts Bluff,NE,31157,31157,66.95
Seward,NE,31159,31159,71.73
Sheridan,NE,31161,31161,68.81
Sherman,NE,31163,31163,77.19
Sioux,NE,31165,31165,72.06
Stanton,NE,31167,31167,82.05
Thayer,NE,31169,31169,78.57
Thomas,NE,31171,31171,76.53
Thurston,NE,31173,31173,60.85
Valley,NE,31175,31175,74.26
Washington,NE,31177,31177,78.25
Wayne,NE,31179,31179,64.13
Webster,NE,31181,31181,79.63
Wheeler,NE,31183,31183,67.05
York,NE,31185,31185,71.57
Churchill,NV,32001,32001,65.42
Clark,NV,32003,32003,53.76
Douglas,NV,32005,32005,71.41
Elko,NV,32007,32007,71.24
Esmeralda,NV,32009,32009,58.25
Eureka,NV,32011,32011,73.77
Humboldt,NV,32013,32013,71.42
Lander,NV,32015,32015,73.43
Lincoln,NV,32017,32017,74.83
Lyon,NV,32019,32019,70.72
Mineral,NV,32021,32021,70.61
Nye,NV,32023,32023,70.81
Pershing,NV,32027,32027,66.79
Storey,NV,32029,32029,90.35
Washoe,NV,32031,32031,58.32
White Pine,NV,32033,32033,75.57
Carson City,NV,32510,32510,56.76
Belknap,NH,33001,33001,75.51
Carroll,NH,33003,33003,79.35
Cheshire,NH,33005,33005,69.44
Coos,NH,33007,33007,70.66
Grafton,NH,33009,33009,69.34
Hillsborough,NH,33011,33011,66.05
Merrimack,NH,33013,33013,71.77
Rockingham,NH,33015,33015,77.75
Strafford,NH,33017,33017,66.01
Sullivan,NH,33019,33019,73.3
Atlantic,NJ,34001,34001,67.13
Bergen,NJ,34003,34003,64.79
Burlington,NJ,34005,34005,75.42
Camden,NJ,34007,34007,66.83
Cape May,NJ,34009,34009,77.64
Cumberland,NJ,34011,34011,65.23
Essex,NJ,34013,34013,43.99
Gloucester,NJ,34015,34015,80.12
Hudson,NJ,34017,34017,31.68
Hunterdon,NJ,34019,34019,82.84
Mercer,NJ,34021,34021,63.05
Middlesex,NJ,34023,34023,63.5
Monmouth,NJ,34025,34025,73.75
Morris,NJ,34027,34027,73.95
Ocean,NJ,34029,34029,79.96
Passaic,NJ,34031,34031,52.75
Salem,NJ,34033,34033,71.11
Somerset,NJ,34035,34035,75.79
Sussex,NJ,34037,34037,83.13
Union,NJ,34039,34039,58.57
Warren,NJ,34041,34041,71.69
Bernalillo,NM,35001,35001,62.98
Catron,NM,35003,35003,87.7
Chaves,NM,35005,35005,68.89
Cibola,NM,35006,35006,68.68
Colfax,NM,35007,35007,71.02
Curry,NM,35009,35009,57.02
De Baca,NM,35011,35011,62.65
Doa Ana,NM,35013,35013,63.09
Eddy,NM,35015,35015,69.49
Grant,NM,35017,35017,68.07
Guadalupe,NM,35019,35019,62.64
Harding,NM,35021,35021,65.4
Hidalgo,NM,35023,35023,70.64
Lea,NM,35025,35025,66.8
Lincoln,NM,35027,35027,80.57
Los Alamos,NM,35028,35028,74.11
Luna,NM,35029,35029,60.89
McKinley,NM,35031,35031,70.92
Mora,NM,35033,35033,85.52
Otero,NM,35035,35035,64.2
Quay,NM,35037,35037,61.48
Rio Arriba,NM,35039,35039,76.86
Roosevelt,NM,35041,35041,58.47
Sandoval,NM,35043,35043,78.59
San Juan,NM,35045,35045,71.02
San Miguel,NM,35047,35047,70.34
Santa Fe,NM,35049,35049,70.9
Sierra,NM,35051,35051,73.92
Socorro,NM,35053,35053,73.36
Taos,NM,35055,35055,76.42
Torrance,NM,35057,35057,83.22
Union,NM,35059,35059,64.95
Valencia,NM,35061,35061,81.49
Albany,NY,36001,36001,56.38
Allegany,NY,36003,36003,76.21
Bronx,NY,36005,36005,19.69
Broome,NY,36007,36007,65.17
Cattaraugus,NY,36009,36009,71.68
Cayuga,NY,36011,36011,71.27
Chautauqua,NY,36013,36013,69.25
Chemung,NY,36015,36015,68.31
Chenango,NY,36017,36017,74.47
Clinton,NY,36019,36019,66.48
Columbia,NY,36021,36021,73.71
Cortland,NY,36023,36023,65.64
Delaware,NY,36025,36025,73.86
Dutchess,NY,36027,36027,68.76
Erie,NY,36029,36029,64.58
Essex,NY,36031,36031,75.38
Franklin,NY,36033,36033,71.4
Fulton,NY,36035,36035,70.67
Genesee,NY,36037,36037,72.26
Greene,NY,36039,36039,74.83
Hamilton,NY,36041,36041,86.69
Herkimer,NY,36043,36043,73.61
Jefferson,NY,36045,36045,56.48
Kings,NY,36047,36047,30.11
Lewis,NY,36049,36049,80.82
Livingston,NY,36051,36051,74.68
Madison,NY,36053,36053,77.35
Monroe,NY,36055,36055,63.52
Montgomery,NY,36057,36057,68.44
Nassau,NY,36059,36059,80.67
New York,NY,36061,36061,24.07
Niagara,NY,36063,36063,70.65
Oneida,NY,36065,36065,67.48
Onondaga,NY,36067,36067,64.68
Ontario,NY,36069,36069,73.8
Orange,NY,36071,36071,66.85
Orleans,NY,36073,36073,75.59
Oswego,NY,36075,36075,73.71
Otsego,NY,36077,36077,72.16
Putnam,NY,36079,36079,81.81
Queens,NY,36081,36081,44.77
Rensselaer,NY,36083,36083,62.82
Richmond,NY,36085,36085,69.33
Rockland,NY,36087,36087,68.29
St. Lawrence,NY,36089,36089,72.96
Saratoga,NY,36091,36091,72.2
Schenectady,NY,36093,36093,65.66
Schoharie,NY,36095,36095,75.82
Schuyler,NY,36097,36097,75.16
Seneca,NY,36099,36099,73.89
Steuben,NY,36101,36101,72.74
Suffolk,NY,36103,36103,80.57
Sullivan,NY,36105,36105,68.32
Tioga,NY,36107,36107,76.93
Tompkins,NY,36109,36109,54.91
Ulster,NY,36111,36111,68.26
Warren,NY,36113,36113,70.75
Washington,NY,36115,36115,74.05
Wayne,NY,36117,36117,76.45
Westchester,NY,36119,36119,61.4
Wyoming,NY,36121,36121,76.91
Yates,NY,36123,36123,80.02
Alamance,NC,37001,37001,65.17
Alexander,NC,37003,37003,75.71
Alleghany,NC,37005,37005,76.26
Anson,NC,37007,37007,66.14
Ashe,NC,37009,37009,75.86
Avery,NC,37011,37011,75.26
Beaufort,NC,37013,37013,69.87
Bertie,NC,37015,37015,74.43
Bladen,NC,37017,37017,71.37
Brunswick,NC,37019,37019,80.67
Buncombe,NC,37021,37021,63.4
Burke,NC,37023,37023,73.94
Cabarrus,NC,37025,37025,71.47
Caldwell,NC,37027,37027,72.48
Camden,NC,37029,37029,81.9
Carteret,NC,37031,37031,72.56
Caswell,NC,37033,37033,76.44
Catawba,NC,37035,37035,69.39
Chatham,NC,37037,37037,76.35
Cherokee,NC,37039,37039,79.03
Chowan,NC,37041,37041,66.72
Clay,NC,37043,37043,77.96
Cleveland,NC,37045,37045,67.78
Columbus,NC,37047,37047,72.46
Craven,NC,37049,37049,62.93
Cumberland,NC,37051,37051,50.73
Currituck,NC,37053,37053,81.98
Dare,NC,37055,37055,74.38
Davidson,NC,37057,37057,69.81
Davie,NC,37059,37059,79.76
Duplin,NC,37061,37061,70.37
Durham,NC,37063,37063,54.35
Edgecombe,NC,37065,37065,58.8
Forsyth,NC,37067,37067,61.57
Franklin,NC,37069,37069,73.79
Gaston,NC,37071,37071,65.27
Gates,NC,37073,37073,77.53
Graham,NC,37075,37075,83.02
Granville,NC,37077,37077,72.15
Greene,NC,37079,37079,70.67
Guilford,NC,37081,37081,58.78
Halifax,NC,37083,37083,62.63
Harnett,NC,37085,37085,65.37
Haywood,NC,37087,37087,73.03
Henderson,NC,37089,37089,73.34
Hertford,NC,37091,37091,65.81
Hoke,NC,37093,37093,67.06
Hyde,NC,37095,37095,67.8
Iredell,NC,37097,37097,72.27
Jackson,NC,37099,37099,64.3
Johnston,NC,37101,37101,72.98
Jones,NC,37103,37103,73.33
Lee,NC,37105,37105,66.69
Lenoir,NC,37107,37107,59.35
Lincoln,NC,37109,37109,76.4
McDowell,NC,37111,37111,72.67
Macon,NC,37113,37113,72.89
Madison,NC,37115,37115,74.1
Martin,NC,37117,37117,67.98
Mecklenburg,NC,37119,37119,56.38
Mitchell,NC,37121,37121,78.01
Montgomery,NC,37123,37123,74.8
Moore,NC,37125,37125,75.7
Nash,NC,37127,37127,65.33
New Hanover,NC,37129,37129,58.06
Northampton,NC,37131,37131,68.35
Onslow,NC,37133,37133,53.06
Orange,NC,37135,37135,62.64
Pamlico,NC,37137,37137,77.66
Pasquotank,NC,37139,37139,59.63
Pender,NC,37141,37141,81.21
Perquimans,NC,37143,37143,75.35
Person,NC,37145,37145,76.45
Pitt,NC,37147,37147,52.12
Polk,NC,37149,37149,74.02
Randolph,NC,37151,37151,71.8
Richmond,NC,37153,37153,66.17
Robeson,NC,37155,37155,65.6
Rockingham,NC,37157,37157,69.56
Rowan,NC,37159,37159,69.3
Rutherford,NC,37161,37161,71.54
Sampson,NC,37163,37163,69.3
Scotland,NC,37165,37165,60.49
Stanly,NC,37167,37167,74.38
Stokes,NC,37169,37169,77.56
Surry,NC,37171,37171,73.46
Swain,NC,37173,37173,71.51
Transylvania,NC,37175,37175,76.01
Tyrrell,NC,37177,37177,68.26
Union,NC,37179,37179,81.33
Vance,NC,37181,37181,56.47
Wake,NC,37183,37183,63.9
Warren,NC,37185,37185,73.2
Washington,NC,37187,37187,66.53
Watauga,NC,37189,37189,60.06
Wayne,NC,37191,37191,62.12
Wilkes,NC,37193,37193,75.7
Wilson,NC,37195,37195,59.09
Yadkin,NC,37197,37197,76.25
Yancey,NC,37199,37199,73.33
Adams,ND,38001,38001,73.53
Barnes,ND,38003,38003,69.26
Benson,ND,38005,38005,66.99
Billings,ND,38007,38007,79.11
Bottineau,ND,38009,38009,79.41
Bowman,ND,38011,38011,75.33
Burke,ND,38013,38013,78.9
Burleigh,ND,38015,38015,68.67
Cass,ND,38017,38017,52.13
Cavalier,ND,38019,38019,80.66
Dickey,ND,38021,38021,74.28
Divide,ND,38023,38023,72.38
Dunn,ND,38025,38025,77.01
Eddy,ND,38027,38027,71
Emmons,ND,38029,38029,85.87
Foster,ND,38031,38031,74.21
Golden Valley,ND,38033,38033,69.95
Grand Forks,ND,38035,38035,48.51
Grant,ND,38037,38037,86.69
Griggs,ND,38039,38039,76.12
Hettinger,ND,38041,38041,80.71
Kidder,ND,38043,38043,75.27
LaMoure,ND,38045,38045,76.89
Logan,ND,38047,38047,83.86
McHenry,ND,38049,38049,82.92
McIntosh,ND,38051,38051,73.43
McKenzie,ND,38053,38053,53.97
McLean,ND,38055,38055,81.17
Mercer,ND,38057,38057,82.66
Morton,ND,38059,38059,70.66
Mountrail,ND,38061,38061,68.13
Nelson,ND,38063,38063,72.26
Oliver,ND,38065,38065,88.62
Pembina,ND,38067,38067,77.01
Pierce,ND,38069,38069,73.58
Ramsey,ND,38071,38071,60.29
Ransom,ND,38073,38073,70.94
Renville,ND,38075,38075,82.63
Richland,ND,38077,38077,70.87
Rolette,ND,38079,38079,71.31
Sargent,ND,38081,38081,72.8
Sheridan,ND,38083,38083,79.75
Sioux,ND,38085,38085,43.44
Slope,ND,38087,38087,82.21
Stark,ND,38089,38089,61.06
Steele,ND,38091,38091,84.68
Stutsman,ND,38093,38093,65.58
Towner,ND,38095,38095,73.06
Traill,ND,38097,38097,71.48
Walsh,ND,38099,38099,76.38
Ward,ND,38101,38101,59.5
Wells,ND,38103,38103,78.69
Williams,ND,38105,38105,52.6
Adams,OH,39001,39001,70.82
Allen,OH,39003,39003,67.07
Ashland,OH,39005,39005,73.79
Ashtabula,OH,39007,39007,70.52
Athens,OH,39009,39009,57.84
Auglaize,OH,39011,39011,75.73
Belmont,OH,39013,39013,76.42
Brown,OH,39015,39015,72.36
Butler,OH,39017,39017,68.12
Carroll,OH,39019,39019,78.65
Champaign,OH,39021,39021,73.16
Clark,OH,39023,39023,65.99
Clermont,OH,39025,39025,74.16
Clinton,OH,39027,39027,64.64
Columbiana,OH,39029,39029,73.52
Coshocton,OH,39031,39031,73.98
Crawford,OH,39033,39033,69.68
Cuyahoga,OH,39035,39035,58.24
Darke,OH,39037,39037,72.8
Defiance,OH,39039,39039,76.28
Delaware,OH,39041,39041,81.38
Erie,OH,39043,39043,69.25
Fairfield,OH,39045,39045,73.93
Fayette,OH,39047,39047,64.91
Franklin,OH,39049,39049,53.39
Fulton,OH,39051,39051,79.06
Gallia,OH,39053,39053,74.48
Geauga,OH,39055,39055,86.31
Greene,OH,39057,39057,66.09
Guernsey,OH,39059,39059,71.46
Hamilton,OH,39061,39061,57.91
Hancock,OH,39063,39063,68.81
Hardin,OH,39065,39065,71.05
Harrison,OH,39067,39067,78.88
Henry,OH,39069,39069,77.37
Highland,OH,39071,39071,68.44
Hocking,OH,39073,39073,75.13
Holmes,OH,39075,39075,75.5
Huron,OH,39077,39077,70.91
Jackson,OH,39079,39079,69.23
Jefferson,OH,39081,39081,68.99
Knox,OH,39083,39083,72.01
Lake,OH,39085,39085,74.22
Lawrence,OH,39087,39087,72.24
Licking,OH,39089,39089,72.91
Logan,OH,39091,39091,74.18
Lorain,OH,39093,39093,72.32
Lucas,OH,39095,39095,59.73
Madison,OH,39097,39097,71.18
Mahoning,OH,39099,39099,68.68
Marion,OH,39101,39101,66.37
Medina,OH,39103,39103,79.89
Meigs,OH,39105,39105,78.62
Mercer,OH,39107,39107,77.02
Miami,OH,39109,39109,71.08
Monroe,OH,39111,39111,78.26
Montgomery,OH,39113,39113,60.98
Morgan,OH,39115,39115,76.7
Morrow,OH,39117,39117,81.81
Muskingum,OH,39119,39119,68.99
Noble,OH,39121,39121,81.94
Ottawa,OH,39123,39123,78.84
Paulding,OH,39125,39125,78.99
Perry,OH,39127,39127,73.7
Pickaway,OH,39129,39129,74.57
Pike,OH,39131,39131,64.79
Portage,OH,39133,39133,69.54
Preble,OH,39135,39135,78.35
Putnam,OH,39137,39137,81.59
Richland,OH,39139,39139,67.36
Ross,OH,39141,39141,70.93
Sandusky,OH,39143,39143,72.72
Scioto,OH,39145,39145,67.61
Seneca,OH,39147,39147,72.26
Shelby,OH,39149,39149,71.18
Stark,OH,39151,39151,68.2
Summit,OH,39153,39153,65.8
Trumbull,OH,39155,39155,70.58
Tuscarawas,OH,39157,39157,70.72
Union,OH,39159,39159,78.48
Van Wert,OH,39161,39161,77.09
Vinton,OH,39163,39163,76.01
Warren,OH,39165,39165,77.66
Washington,OH,39167,39167,73.63
Wayne,OH,39169,39169,72.96
Williams,OH,39171,39171,77
Wood,OH,39173,39173,65.26
Wyandot,OH,39175,39175,74.07
Adair,OK,40001,40001,69.26
Alfalfa,OK,40003,40003,80.16
Atoka,OK,40005,40005,73.43
Beaver,OK,40007,40007,76.51
Beckham,OK,40009,40009,66.24
Blaine,OK,40011,40011,73.4
Bryan,OK,40013,40013,62.21
Caddo,OK,40015,40015,71.27
Canadian,OK,40017,40017,75.41
Carter,OK,40019,40019,68.28
Cherokee,OK,40021,40021,68.35
Choctaw,OK,40023,40023,69.27
Cimarron,OK,40025,40025,72.88
Cleveland,OK,40027,40027,63.66
Coal,OK,40029,40029,74.05
Comanche,OK,40031,40031,53.13
Cotton,OK,40033,40033,77.77
Craig,OK,40035,40035,69.51
Creek,OK,40037,40037,73.55
Custer,OK,40039,40039,62.59
Delaware,OK,40041,40041,75.64
Dewey,OK,40043,40043,76.26
Ellis,OK,40045,40045,74.23
Garfield,OK,40047,40047,65.79
Garvin,OK,40049,40049,69.31
Grady,OK,40051,40051,77.12
Grant,OK,40053,40053,76.61
Greer,OK,40055,40055,69.72
Harmon,OK,40057,40057,73.14
Harper,OK,40059,40059,78.38
Haskell,OK,40061,40061,74.73
Hughes,OK,40063,40063,72.85
Jackson,OK,40065,40065,58.49
Jefferson,OK,40067,40067,72.12
Johnston,OK,40069,40069,73.52
Kay,OK,40071,40071,67.46
Kingfisher,OK,40073,40073,76.31
Kiowa,OK,40075,40075,72.14
Latimer,OK,40077,40077,69.81
Le Flore,OK,40079,40079,71
Lincoln,OK,40081,40081,79.65
Logan,OK,40083,40083,82.89
Love,OK,40085,40085,76.65
McClain,OK,40087,40087,79.39
McCurtain,OK,40089,40089,70.82
McIntosh,OK,40091,40091,78.43
Major,OK,40093,40093,79.38
Marshall,OK,40095,40095,72.62
Mayes,OK,40097,40097,72.9
Murray,OK,40099,40099,70.22
Muskogee,OK,40101,40101,65.31
Noble,OK,40103,40103,76.83
Nowata,OK,40105,40105,73.75
Okfuskee,OK,40107,40107,71.2
Oklahoma,OK,40109,40109,58.88
Okmulgee,OK,40111,40111,70.99
Osage,OK,40113,40113,78.32
Ottawa,OK,40115,40115,68.96
Pawnee,OK,40117,40117,75.61
Payne,OK,40119,40119,51.68
Pittsburg,OK,40121,40121,72.48
Pontotoc,OK,40123,40123,65.93
Pottawatomie,OK,40125,40125,69.48
Pushmataha,OK,40127,40127,75.63
Roger Mills,OK,40129,40129,75.02
Rogers,OK,40131,40131,78.2
Seminole,OK,40133,40133,68.04
Sequoyah,OK,40135,40135,71.86
Stephens,OK,40137,40137,72.42
Texas,OK,40139,40139,67.98
Tillman,OK,40141,40141,75.85
Tulsa,OK,40143,40143,58.81
Wagoner,OK,40145,40145,78.63
Washington,OK,40147,40147,70.82
Washita,OK,40149,40149,70.9
Woods,OK,40151,40151,68.42
Woodward,OK,40153,40153,71.25
Baker,OR,41001,41001,70.7
Benton,OR,41003,41003,57.22
Clackamas,OR,41005,41005,71.08
Clatsop,OR,41007,41007,62.19
Columbia,OR,41009,41009,75.4
Coos,OR,41011,41011,65.86
Crook,OR,41013,41013,72.23
Curry,OR,41015,41015,71.36
Deschutes,OR,41017,41017,66.95
Douglas,OR,41019,41019,68.17
Gilliam,OR,41021,41021,67.34
Grant,OR,41023,41023,71.1
Harney,OR,41025,41025,72.19
Hood River,OR,41027,41027,67.23
Jackson,OR,41029,41029,63.23
Jefferson,OR,41031,41031,68.08
Josephine,OR,41033,41033,66.31
Klamath,OR,41035,41035,64.28
Lake,OR,41037,41037,61.91
Lane,OR,41039,41039,58.67
Lincoln,OR,41041,41041,65.63
Linn,OR,41043,41043,64.38
Malheur,OR,41045,41045,58.29
Marion,OR,41047,41047,60.24
Morrow,OR,41049,41049,70.01
Multnomah,OR,41051,41051,54.53
Polk,OR,41053,41053,66.26
Sherman,OR,41055,41055,64.57
Tillamook,OR,41057,41057,69.26
Umatilla,OR,41059,41059,65.7
Union,OR,41061,41061,64.54
Wallowa,OR,41063,41063,69.66
Wasco,OR,41065,41065,62.18
Washington,OR,41067,41067,61.64
Wheeler,OR,41069,41069,76.09
Yamhill,OR,41071,41071,70.02
Adams,PA,42001,42001,78.01
Allegheny,PA,42003,42003,64.29
Armstrong,PA,42005,42005,75.96
Beaver,PA,42007,42007,73.13
Bedford,PA,42009,42009,79.08
Berks,PA,42011,42011,71.52
Blair,PA,42013,42013,69.79
Bradford,PA,42015,42015,74.02
Bucks,PA,42017,42017,76.98
Butler,PA,42019,42019,75.89
Cambria,PA,42021,42021,74.11
Cameron,PA,42023,42023,71.98
Carbon,PA,42025,42025,75.85
Centre,PA,42027,42027,61.52
Chester,PA,42029,42029,74.98
Clarion,PA,42031,42031,69.12
Clearfield,PA,42033,42033,76.78
Clinton,PA,42035,42035,70.2
Columbia,PA,42037,42037,69.24
Crawford,PA,42039,42039,72.9
Cumberland,PA,42041,42041,70.35
Dauphin,PA,42043,42043,63.21
Delaware,PA,42045,42045,68.79
Elk,PA,42047,42047,78.56
Erie,PA,42049,42049,66.06
Fayette,PA,42051,42051,74.41
Forest,PA,42053,42053,83.9
Franklin,PA,42055,42055,71.18
Fulton,PA,42057,42057,77.44
Greene,PA,42059,42059,74.84
Huntingdon,PA,42061,42061,75.66
Indiana,PA,42063,42063,71.17
Jefferson,PA,42065,42065,74.29
Juniata,PA,42067,42067,74.53
Lackawanna,PA,42069,42069,64.28
Lancaster,PA,42071,42071,68.06
Lawrence,PA,42073,42073,74.55
Lebanon,PA,42075,42075,69.95
Lehigh,PA,42077,42077,64.42
Luzerne,PA,42079,42079,67.96
Lycoming,PA,42081,42081,69.24
McKean,PA,42083,42083,74.06
Mercer,PA,42085,42085,72.5
Mifflin,PA,42087,42087,71.31
Monroe,PA,42089,42089,76.99
Montgomery,PA,42091,42091,71.78
Montour,PA,42093,42093,67.15
Northampton,PA,42095,42095,71.38
Northumberland,PA,42097,42097,70.77
Perry,PA,42099,42099,78.98
Philadelphia,PA,42101,42101,53.03
Pike,PA,42103,42103,83.24
Potter,PA,42105,42105,76.22
Schuylkill,PA,42107,42107,75.65
Snyder,PA,42109,42109,72.16
Somerset,PA,42111,42111,78.07
Sullivan,PA,42113,42113,81.97
Susquehanna,PA,42115,42115,77.06
Tioga,PA,42117,42117,72.82
Union,PA,42119,42119,72.39
Venango,PA,42121,42121,75.05
Warren,PA,42123,42123,76.87
Washington,PA,42125,42125,75.61
Wayne,PA,42127,42127,80.99
Westmoreland,PA,42129,42129,77.21
Wyoming,PA,42131,42131,77.23
York,PA,42133,42133,74.88
Bristol,RI,44001,44001,70.73
Kent,RI,44003,44003,70.14
Newport,RI,44005,44005,63.24
Providence,RI,44007,44007,54.17
Washington,RI,44009,44009,73.96
Abbeville,SC,45001,45001,75.03
Aiken,SC,45003,45003,72.56
Allendale,SC,45005,45005,68.2
Anderson,SC,45007,45007,71.72
Bamberg,SC,45009,45009,70.64
Barnwell,SC,45011,45011,69.56
Beaufort,SC,45013,45013,73.34
Berkeley,SC,45015,45015,71.92
Calhoun,SC,45017,45017,80.32
Charleston,SC,45019,45019,61.55
Cherokee,SC,45021,45021,68.94
Chester,SC,45023,45023,76.09
Chesterfield,SC,45025,45025,71.08
Clarendon,SC,45027,45027,76.99
Colleton,SC,45029,45029,74.95
Darlington,SC,45031,45031,69.57
Dillon,SC,45033,45033,59.36
Dorchester,SC,45035,45035,71.66
Edgefield,SC,45037,45037,74.07
Fairfield,SC,45039,45039,75.26
Florence,SC,45041,45041,65.71
Georgetown,SC,45043,45043,78.83
Greenville,SC,45045,45045,67.48
Greenwood,SC,45047,45047,64.03
Hampton,SC,45049,45049,75.98
Horry,SC,45051,45051,71.8
Jasper,SC,45053,45053,71.73
Kershaw,SC,45055,45055,82.1
Lancaster,SC,45057,45057,79.7
Laurens,SC,45059,45059,69.82
Lee,SC,45061,45061,74.7
Lexington,SC,45063,45063,74.24
McCormick,SC,45065,45065,76.57
Marion,SC,45067,45067,66.03
Marlboro,SC,45069,45069,62.85
Newberry,SC,45071,45071,73.25
Oconee,SC,45073,45073,72.72
Orangeburg,SC,45075,45075,67.32
Pickens,SC,45077,45077,67.08
Richland,SC,45079,45079,59.55
Saluda,SC,45081,45081,74.1
Spartanburg,SC,45083,45083,70.64
Sumter,SC,45085,45085,64.59
Union,SC,45087,45087,68.26
Williamsburg,SC,45089,45089,72.95
York,SC,45091,45091,71.99
Aurora,SD,46003,46003,75.3
Beadle,SD,46005,46005,65.74
Bennett,SD,46007,46007,60.47
Bon Homme,SD,46009,46009,73.5
Brookings,SD,46011,46011,59.15
Brown,SD,46013,46013,64
Brule,SD,46015,46015,61.68
Buffalo,SD,46017,46017,46.28
Butte,SD,46019,46019,77.11
Campbell,SD,46021,46021,86.48
Charles Mix,SD,46023,46023,70.88
Clark,SD,46025,46025,79.37
Clay,SD,46027,46027,53.72
Codington,SD,46029,46029,65.27
Corson,SD,46031,46031,53.81
Custer,SD,46033,46033,84
Davison,SD,46035,46035,59.7
Day,SD,46037,46037,75.29
Deuel,SD,46039,46039,79.03
Dewey,SD,46041,46041,61.05
Douglas,SD,46043,46043,79.84
Edmunds,SD,46045,46045,81.99
Fall River,SD,46047,46047,78.06
Faulk,SD,46049,46049,80.34
Grant,SD,46051,46051,81.17
Gregory,SD,46053,46053,71.63
Haakon,SD,46055,46055,77.13
Hamlin,SD,46057,46057,80.54
Hand,SD,46059,46059,68.3
Hanson,SD,46061,46061,87.94
Harding,SD,46063,46063,67.11
Hughes,SD,46065,46065,68.75
Hutchinson,SD,46067,46067,77.23
Hyde,SD,46069,46069,75.04
Jackson,SD,46071,46071,58.28
Jerauld,SD,46073,46073,72.64
Jones,SD,46075,46075,75
Kingsbury,SD,46077,46077,79.51
Lake,SD,46079,46079,74.55
Lawrence,SD,46081,46081,64.69
Lincoln,SD,46083,46083,76.73
Lyman,SD,46085,46085,67.22
McCook,SD,46087,46087,75.94
McPherson,SD,46089,46089,77.09
Marshall,SD,46091,46091,73.79
Meade,SD,46093,46093,74.35
Mellette,SD,46095,46095,69.44
Miner,SD,46097,46097,76.69
Minnehaha,SD,46099,46099,63.2
Moody,SD,46101,46101,71.44
Pennington,SD,46103,46103,68.64
Perkins,SD,46105,46105,72.59
Potter,SD,46107,46107,78.82
Roberts,SD,46109,46109,66.46
Sanborn,SD,46111,46111,73.27
Shannon,SD,46113,46113,50.2
Spink,SD,46115,46115,74.2
Stanley,SD,46117,46117,78.87
Sully,SD,46119,46119,85.94
Todd,SD,46121,46121,43.7
Tripp,SD,46123,46123,76.23
Turner,SD,46125,46125,78.3
Union,SD,46127,46127,69.18
Walworth,SD,46129,46129,73.87
Yankton,SD,46135,46135,65.18
Ziebach,SD,46137,46137,57.16
Anderson,TN,47001,47001,67.93
Bedford,TN,47003,47003,68.55
Benton,TN,47005,47005,77.11
Bledsoe,TN,47007,47007,73.8
Blount,TN,47009,47009,75.42
Bradley,TN,47011,47011,65.54
Campbell,TN,47013,47013,68.1
Cannon,TN,47015,47015,74.76
Carroll,TN,47017,47017,73.09
Carter,TN,47019,47019,70.8
Cheatham,TN,47021,47021,76.96
Chester,TN,47023,47023,77.1
Claiborne,TN,47025,47025,70.86
Clay,TN,47027,47027,78.32
Cocke,TN,47029,47029,67.08
Coffee,TN,47031,47031,68.13
Crockett,TN,47033,47033,71.57
Cumberland,TN,47035,47035,77.56
Davidson,TN,47037,47037,54.34
Decatur,TN,47039,47039,80.99
DeKalb,TN,47041,47041,68.35
Dickson,TN,47043,47043,75.07
Dyer,TN,47045,47045,61.51
Fayette,TN,47047,47047,79.92
Fentress,TN,47049,47049,75.13
Franklin,TN,47051,47051,74.48
Gibson,TN,47053,47053,68.26
Giles,TN,47055,47055,69.6
Grainger,TN,47057,47057,79.1
Greene,TN,47059,47059,73.99
Grundy,TN,47061,47061,78.01
Hamblen,TN,47063,47063,66.85
Hamilton,TN,47065,47065,63.97
Hancock,TN,47067,47067,79.65
Hardeman,TN,47069,47069,71.22
Hardin,TN,47071,47071,72.5
Hawkins,TN,47073,47073,73.52
Haywood,TN,47075,47075,58.17
Henderson,TN,47077,47077,72.76
Henry,TN,47079,47079,76.24
Hickman,TN,47081,47081,80.31
Houston,TN,47083,47083,76.48
Humphreys,TN,47085,47085,77.79
Jackson,TN,47087,47087,77.07
Jefferson,TN,47089,47089,75.24
Johnson,TN,47091,47091,75.6
Knox,TN,47093,47093,64.27
Lake,TN,47095,47095,54.7
Lauderdale,TN,47097,47097,56.1
Lawrence,TN,47099,47099,75.34
Lewis,TN,47101,47101,77.96
Lincoln,TN,47103,47103,75.07
Loudon,TN,47105,47105,77.78
McMinn,TN,47107,47107,73.46
McNairy,TN,47109,47109,72.7
Macon,TN,47111,47111,74.38
Madison,TN,47113,47113,62.33
Marion,TN,47115,47115,74.95
Marshall,TN,47117,47117,71.75
Maury,TN,47119,47119,69.87
Meigs,TN,47121,47121,78.72
Monroe,TN,47123,47123,76.71
Montgomery,TN,47125,47125,59.55
Moore,TN,47127,47127,84.8
Morgan,TN,47129,47129,81.61
Obion,TN,47131,47131,64.91
Overton,TN,47133,47133,79.75
Perry,TN,47135,47135,82.43
Pickett,TN,47137,47137,81.72
Polk,TN,47139,47139,73.72
Putnam,TN,47141,47141,61.47
Rhea,TN,47143,47143,71.22
Roane,TN,47145,47145,77.24
Robertson,TN,47147,47147,73.98
Rutherford,TN,47149,47149,65.24
Scott,TN,47151,47151,69.96
Sequatchie,TN,47153,47153,74.75
Sevier,TN,47155,47155,69.38
Shelby,TN,47157,47157,55.05
Smith,TN,47159,47159,73.89
Stewart,TN,47161,47161,75.01
Sullivan,TN,47163,47163,71.84
Sumner,TN,47165,47165,73.62
Tipton,TN,47167,47167,71.35
Trousdale,TN,47169,47169,78.83
Unicoi,TN,47171,47171,71.92
Union,TN,47173,47173,75.41
Van Buren,TN,47175,47175,81.46
Warren,TN,47177,47177,69.47
Washington,TN,47179,47179,64.39
Wayne,TN,47181,47181,77.43
Weakley,TN,47183,47183,65.28
White,TN,47185,47185,80.01
Williamson,TN,47187,47187,80.55
Wilson,TN,47189,47189,76.83
Anderson,TX,48001,48001,69.59
Andrews,TX,48003,48003,74.11
Angelina,TX,48005,48005,66.15
Aransas,TX,48007,48007,80.19
Archer,TX,48009,48009,83.66
Armstrong,TX,48011,48011,88.04
Atascosa,TX,48013,48013,75.33
Austin,TX,48015,48015,76.21
Bailey,TX,48017,48017,74.59
Bandera,TX,48019,48019,85.02
Bastrop,TX,48021,48021,77.67
Baylor,TX,48023,48023,72.35
Bee,TX,48025,48025,62.7
Bell,TX,48027,48027,54.31
Bexar,TX,48029,48029,58.53
Blanco,TX,48031,48031,78.59
Borden,TX,48033,48033,75.77
Bosque,TX,48035,48035,77.37
Bowie,TX,48037,48037,63.46
Brazoria,TX,48039,48039,72.12
Brazos,TX,48041,48041,47.13
Brewster,TX,48043,48043,57.8
Briscoe,TX,48045,48045,69.27
Brooks,TX,48047,48047,61.32
Brown,TX,48049,48049,72.46
Burleson,TX,48051,48051,78.16
Burnet,TX,48053,48053,77.19
Caldwell,TX,48055,48055,67.39
Calhoun,TX,48057,48057,72.78
Callahan,TX,48059,48059,82.09
Cameron,TX,48061,48061,65.89
Camp,TX,48063,48063,72.42
Carson,TX,48065,48065,81.03
Cass,TX,48067,48067,79.34
Castro,TX,48069,48069,64.45
Chambers,TX,48071,48071,82.94
Cherokee,TX,48073,48073,71.86
Childress,TX,48075,48075,59.87
Clay,TX,48077,48077,84.36
Cochran,TX,48079,48079,78.36
Coke,TX,48081,48081,74.15
Coleman,TX,48083,48083,74.58
Collin,TX,48085,48085,65.02
Collingsworth,TX,48087,48087,75.27
Colorado,TX,48089,48089,82.44
Comal,TX,48091,48091,74.88
Comanche,TX,48093,48093,79.99
Concho,TX,48095,48095,75.22
Cooke,TX,48097,48097,69.32
Coryell,TX,48099,48099,57.93
Cottle,TX,48101,48101,56.15
Crane,TX,48103,48103,85.64
Crockett,TX,48105,48105,73.93
Crosby,TX,48107,48107,75.3
Culberson,TX,48109,48109,66.72
Dallam,TX,48111,48111,64.42
Dallas,TX,48113,48113,50.01
Dawson,TX,48115,48115,69.3
Deaf Smith,TX,48117,48117,64.04
Delta,TX,48119,48119,78.19
Denton,TX,48121,48121,65.07
DeWitt,TX,48123,48123,72.77
Dickens,TX,48125,48125,76.69
Dimmit,TX,48127,48127,66.23
Donley,TX,48129,48129,70.26
Duval,TX,48131,48131,65.45
Eastland,TX,48133,48133,76.6
Ector,TX,48135,48135,64.89
Edwards,TX,48137,48137,85.55
Ellis,TX,48139,48139,74.37
El Paso,TX,48141,48141,61.13
Erath,TX,48143,48143,63.43
Falls,TX,48145,48145,72.4
Fannin,TX,48147,48147,73.21
Fayette,TX,48149,48149,81.66
Fisher,TX,48151,48151,73.64
Floyd,TX,48153,48153,74.86
Foard,TX,48155,48155,83.11
Fort Bend,TX,48157,48157,77.17
Franklin,TX,48159,48159,78.71
Freestone,TX,48161,48161,77.45
Frio,TX,48163,48163,69.04
Gaines,TX,48165,48165,77.31
Galveston,TX,48167,48167,67.52
Garza,TX,48169,48169,70.51
Gillespie,TX,48171,48171,72.44
Glasscock,TX,48173,48173,65.76
Goliad,TX,48175,48175,80.01
Gonzales,TX,48177,48177,67.3
Gray,TX,48179,48179,73.54
Grayson,TX,48181,48181,67.6
Gregg,TX,48183,48183,59.14
Grimes,TX,48185,48185,76.48
Guadalupe,TX,48187,48187,76.69
Hale,TX,48189,48189,62.29
Hall,TX,48191,48191,65.27
Hamilton,TX,48193,48193,81.87
Hansford,TX,48195,48195,70.46
Hardeman,TX,48197,48197,67.92
Hardin,TX,48199,48199,81.22
Harris,TX,48201,48201,54.6
Harrison,TX,48203,48203,72.3
Hartley,TX,48205,48205,62.69
Haskell,TX,48207,48207,75.58
Hays,TX,48209,48209,62.28
Hemphill,TX,48211,48211,71.26
Henderson,TX,48213,48213,75.21
Hidalgo,TX,48215,48215,68.04
Hill,TX,48217,48217,72.58
Hockley,TX,48219,48219,70.53
Hood,TX,48221,48221,77.35
Hopkins,TX,48223,48223,69.6
Houston,TX,48225,48225,69.97
Howard,TX,48227,48227,65.39
Hudspeth,TX,48229,48229,71.88
Hunt,TX,48231,48231,68.88
Hutchinson,TX,48233,48233,80.33
Irion,TX,48235,48235,77.57
Jack,TX,48237,48237,81.28
Jackson,TX,48239,48239,69.6
Jasper,TX,48241,48241,77.57
Jeff Davis,TX,48243,48243,81.59
Jefferson,TX,48245,48245,61.07
Jim Hogg,TX,48247,48247,71.65
Jim Wells,TX,48249,48249,70.61
Johnson,TX,48251,48251,73.34
Jones,TX,48253,48253,74.6
Karnes,TX,48255,48255,74.5
Kaufman,TX,48257,48257,76.61
Kendall,TX,48259,48259,74.11
Kenedy,TX,48261,48261,23.35
Kent,TX,48263,48263,69.6
Kerr,TX,48265,48265,70.72
Kimble,TX,48267,48267,76.22
King,TX,48269,48269,33.77
Kinney,TX,48271,48271,76.59
Kleberg,TX,48273,48273,52.77
Knox,TX,48275,48275,82.91
Lamar,TX,48277,48277,64.47
Lamb,TX,48279,48279,71.49
Lampasas,TX,48281,48281,77.35
La Salle,TX,48283,48283,68.71
Lavaca,TX,48285,48285,74.25
Lee,TX,48287,48287,80.55
Leon,TX,48289,48289,77.37
Liberty,TX,48291,48291,75.55
Limestone,TX,48293,48293,74.06
Lipscomb,TX,48295,48295,73.83
Live Oak,TX,48297,48297,81.96
Llano,TX,48299,48299,78.07
Loving,TX,48301,48301,63.33
Lubbock,TX,48303,48303,55.22
Lynn,TX,48305,48305,68.29
McCulloch,TX,48307,48307,72.22
McLennan,TX,48309,48309,59.23
McMullen,TX,48311,48311,75.93
Madison,TX,48313,48313,74.16
Marion,TX,48315,48315,77.31
Martin,TX,48317,48317,73.85
Mason,TX,48319,48319,70.64
Matagorda,TX,48321,48321,70.67
Maverick,TX,48323,48323,65.71
Medina,TX,48325,48325,80.4
Menard,TX,48327,48327,69.13
Midland,TX,48329,48329,66.92
Milam,TX,48331,48331,71.42
Mills,TX,48333,48333,85.08
Mitchell,TX,48335,48335,78.97
Montague,TX,48337,48337,72.4
Montgomery,TX,48339,48339,71.05
Moore,TX,48341,48341,65.84
Morris,TX,48343,48343,72.97
Motley,TX,48345,48345,68.3
Nacogdoches,TX,48347,48347,56.57
Navarro,TX,48349,48349,68.91
Newton,TX,48351,48351,84.61
Nolan,TX,48353,48353,67.23
Nueces,TX,48355,48355,57.95
Ochiltree,TX,48357,48357,73.39
Oldham,TX,48359,48359,78.45
Orange,TX,48361,48361,75.3
Palo Pinto,TX,48363,48363,72.71
Panola,TX,48365,48365,76.72
Parker,TX,48367,48367,78.84
Parmer,TX,48369,48369,66.94
Pecos,TX,48371,48371,72.23
Polk,TX,48373,48373,76.03
Potter,TX,48375,48375,55.17
Presidio,TX,48377,48377,57.85
Rains,TX,48379,48379,77.74
Randall,TX,48381,48381,70.82
Reagan,TX,48383,48383,67.44
Real,TX,48385,48385,76.47
Red River,TX,48387,48387,76.57
Reeves,TX,48389,48389,72.46
Refugio,TX,48391,48391,72.75
Roberts,TX,48393,48393,79.73
Robertson,TX,48395,48395,76.07
Rockwall,TX,48397,48397,81.79
Runnels,TX,48399,48399,71.15
Rusk,TX,48401,48401,77.85
Sabine,TX,48403,48403,88.24
San Augustine,TX,48405,48405,77.48
San Jacinto,TX,48407,48407,80.63
San Patricio,TX,48409,48409,68.32
San Saba,TX,48411,48411,68.44
Schleicher,TX,48413,48413,78.88
Scurry,TX,48415,48415,75.19
Shackelford,TX,48417,48417,79.57
Shelby,TX,48419,48419,73.65
Sherman,TX,48421,48421,72.62
Smith,TX,48423,48423,66.41
Somervell,TX,48425,48425,80.31
Starr,TX,48427,48427,75.12
Stephens,TX,48429,48429,82.08
Sterling,TX,48431,48431,85.59
Stonewall,TX,48433,48433,75.52
Sutton,TX,48435,48435,69.19
Swisher,TX,48437,48437,70.98
Tarrant,TX,48439,48439,60.52
Taylor,TX,48441,48441,58.36
Terrell,TX,48443,48443,93.06
Terry,TX,48445,48445,69.64
Throckmorton,TX,48447,48447,72.9
Titus,TX,48449,48449,66.98
Tom Green,TX,48451,48451,63.49
Travis,TX,48453,48453,52.36
Trinity,TX,48455,48455,77.38
Tyler,TX,48457,48457,83.96
Upshur,TX,48459,48459,78.79
Upton,TX,48461,48461,73.05
Uvalde,TX,48463,48463,73.32
Val Verde,TX,48465,48465,63.51
Van Zandt,TX,48467,48467,78
Victoria,TX,48469,48469,66.18
Walker,TX,48471,48471,51.4
Waller,TX,48473,48473,68.33
Ward,TX,48475,48475,71.54
Washington,TX,48477,48477,74.12
Webb,TX,48479,48479,62.19
Wharton,TX,48481,48481,66.96
Wheeler,TX,48483,48483,66.61
Wichita,TX,48485,48485,60.31
Wilbarger,TX,48487,48487,60.73
Willacy,TX,48489,48489,70.53
Williamson,TX,48491,48491,68.39
Wilson,TX,48493,48493,84.38
Winkler,TX,48495,48495,79.61
Wise,TX,48497,48497,77.94
Wood,TX,48499,48499,80.21
Yoakum,TX,48501,48501,78.03
Young,TX,48503,48503,75.56
Zapata,TX,48505,48505,74.75
Zavala,TX,48507,48507,71.97
Beaver,UT,49001,49001,74.15
Box Elder,UT,49003,49003,77.78
Cache,UT,49005,49005,62.98
Carbon,UT,49007,49007,73.74
Daggett,UT,49009,49009,87.12
Davis,UT,49011,49011,77.01
Duchesne,UT,49013,49013,75.15
Emery,UT,49015,49015,76.89
Garfield,UT,49017,49017,79.49
Grand,UT,49019,49019,65.14
Iron,UT,49021,49021,63.97
Juab,UT,49023,49023,78.55
Kane,UT,49025,49025,77.41
Millard,UT,49027,49027,74.5
Morgan,UT,49029,49029,85.32
Piute,UT,49031,49031,83.65
Rich,UT,49033,49033,71.65
Salt Lake,UT,49035,49035,67.11
San Juan,UT,49037,49037,80.63
Sanpete,UT,49039,49039,77.7
Sevier,UT,49041,49041,78.14
Summit,UT,49043,49043,77.38
Tooele,UT,49045,49045,80.95
Uintah,UT,49047,49047,75.91
Utah,UT,49049,49049,67.65
Wasatch,UT,49051,49051,72.97
Washington,UT,49053,49053,70.4
Wayne,UT,49055,49055,73.9
Weber,UT,49057,49057,73.41
Addison,VT,50001,50001,76
Bennington,VT,50003,50003,74.03
Caledonia,VT,50005,50005,73.07
Chittenden,VT,50007,50007,62.37
Essex,VT,50009,50009,81.24
Franklin,VT,50011,50011,75.41
Grand Isle,VT,50013,50013,84.03
Lamoille,VT,50015,50015,73.16
Orange,VT,50017,50017,80.48
Orleans,VT,50019,50019,78.18
Rutland,VT,50021,50021,71.43
Washington,VT,50023,50023,70.44
Windham,VT,50025,50025,67.26
Windsor,VT,50027,50027,73.78
Accomack,VA,51001,51001,66.8
Albemarle,VA,51003,51003,63.3
Alleghany,VA,51005,51005,76.24
Amelia,VA,51007,51007,84.4
Amherst,VA,51009,51009,77.12
Appomattox,VA,51011,51011,77.77
Arlington,VA,51013,51013,42.75
Augusta,VA,51015,51015,79.32
Bath,VA,51017,51017,75.35
Bedford,VA,51019,51019,82.1
Bland,VA,51021,51021,81.41
Botetourt,VA,51023,51023,86.3
Brunswick,VA,51025,51025,70.7
Buchanan,VA,51027,51027,77.31
Buckingham,VA,51029,51029,75.2
Campbell,VA,51031,51031,74.73
Caroline,VA,51033,51033,79.2
Carroll,VA,51035,51035,78.29
Charles City,VA,51036,51036,83.91
Charlotte,VA,51037,51037,71.27
Chesterfield,VA,51041,51041,75.78
Clarke,VA,51043,51043,75
Craig,VA,51045,51045,76.45
Culpeper,VA,51047,51047,72.71
Cumberland,VA,51049,51049,73.86
Dickenson,VA,51051,51051,75.7
Dinwiddie,VA,51053,51053,77.18
Essex,VA,51057,51057,67.09
Fairfax,VA,51059,51059,67.98
Fauquier,VA,51061,51061,78.29
Floyd,VA,51063,51063,81.12
Fluvanna,VA,51065,51065,84.97
Franklin,VA,51067,51067,81.74
Frederick,VA,51069,51069,77.61
Giles,VA,51071,51071,75.07
Gloucester,VA,51073,51073,78.24
Goochland,VA,51075,51075,84.88
Grayson,VA,51077,51077,81.29
Greene,VA,51079,51079,77.6
Greensville,VA,51081,51081,73.29
Halifax,VA,51083,51083,74.12
Hanover,VA,51085,51085,82.52
Henrico,VA,51087,51087,62.65
Henry,VA,51089,51089,71.93
Highland,VA,51091,51091,82.93
Isle of Wight,VA,51093,51093,75.79
James City,VA,51095,51095,76.39
King and Queen,VA,51097,51097,83.52
King George,VA,51099,51099,78.75
King William,VA,51101,51101,87.36
Lancaster,VA,51103,51103,75.86
Lee,VA,51105,51105,70.79
Loudoun,VA,51107,51107,78.05
Louisa,VA,51109,51109,80.04
Lunenburg,VA,51111,51111,71.79
Madison,VA,51113,51113,74.46
Mathews,VA,51115,51115,84.97
Mecklenburg,VA,51117,51117,71.06
Middlesex,VA,51119,51119,78.67
Montgomery,VA,51121,51121,55.37
Nelson,VA,51125,51125,76.4
New Kent,VA,51127,51127,86.5
Northampton,VA,51131,51131,65.19
Northumberland,VA,51133,51133,89.2
Nottoway,VA,51135,51135,64.67
Orange,VA,51137,51137,78.78
Page,VA,51139,51139,71.07
Patrick,VA,51141,51141,78.97
Pittsylvania,VA,51143,51143,75.38
Powhatan,VA,51145,51145,90.14
Prince Edward,VA,51147,51147,64.37
Prince George,VA,51149,51149,67.56
Prince William,VA,51153,51153,73.28
Pulaski,VA,51155,51155,71.35
Rappahannock,VA,51157,51157,74.22
Richmond,VA,51159,51159,69.93
Roanoke,VA,51161,51161,74.8
Rockbridge,VA,51163,51163,75.24
Rockingham,VA,51165,51165,74.47
Russell,VA,51167,51167,76.14
Scott,VA,51169,51169,77.36
Shenandoah,VA,51171,51171,70.93
Smyth,VA,51173,51173,71.5
Southampton,VA,51175,51175,74.82
Spotsylvania,VA,51177,51177,78.09
Stafford,VA,51179,51179,77.38
Surry,VA,51181,51181,74.29
Sussex,VA,51183,51183,69.16
Tazewell,VA,51185,51185,74.53
Warren,VA,51187,51187,76.74
Washington,VA,51191,51191,75.18
Westmoreland,VA,51193,51193,73.15
Wise,VA,51195,51195,66.64
Wythe,VA,51197,51197,77.97
York,VA,51199,51199,71.29
Alexandria City,VA,51510,51510,43.28
Bedford City,VA,51515,51515,N/A
Bristol City,VA,51520,51520,60.39
Buena Vista City,VA,51530,51530,67.98
Charlottesville City,VA,51540,51540,42.85
Chesapeake City,VA,51550,51550,71.35
Colonial Heights City,VA,51570,51570,62.91
Covington City,VA,51580,51580,74.45
Danville City,VA,51590,51590,51.5
Emporia City,VA,51595,51595,40.12
Fairfax City,VA,51600,51600,70
Falls Church City,VA,51610,51610,58.33
Franklin City,VA,51620,51620,51.56
Fredericksburg City,VA,51630,51630,35.47
Galax City,VA,51640,51640,68.12
Hampton City,VA,51650,51650,55.73
Harrisonburg City,VA,51660,51660,39.59
Hopewell City,VA,51670,51670,46.75
Lexington City,VA,51678,51678,52.41
Lynchburg City,VA,51680,51680,48.72
Manassas City,VA,51683,51683,66.13
Manassas Park City,VA,51685,51685,65.91
Martinsville City,VA,51690,51690,55.91
Newport News City,VA,51700,51700,48.92
Norfolk City,VA,51710,51710,43.39
Norton City,VA,51720,51720,50.06
Petersburg City,VA,51730,51730,38.83
Poquoson City,VA,51735,51735,81.43
Portsmouth City,VA,51740,51740,54.99
Radford City,VA,51750,51750,46.58
Richmond City,VA,51760,51760,42.63
Roanoke City,VA,51770,51770,51.46
Salem City,VA,51775,51775,63.58
Staunton City,VA,51790,51790,57.3
Suffolk City,VA,51800,51800,68.75
Virginia Beach City,VA,51810,51810,63.71
Waynesboro City,VA,51820,51820,57.7
Williamsburg City,VA,51830,51830,49.3
Winchester City,VA,51840,51840,44.25
Adams,WA,53001,53001,63.13
Asotin,WA,53003,53003,70.68
Benton,WA,53005,53005,68.82
Chelan,WA,53007,53007,64.42
Clallam,WA,53009,53009,70.39
Clark,WA,53011,53011,66.97
Columbia,WA,53013,53013,67.91
Cowlitz,WA,53015,53015,66.07
Douglas,WA,53017,53017,68.7
Ferry,WA,53019,53019,71.99
Franklin,WA,53021,53021,68.46
Garfield,WA,53023,53023,71.54
Grant,WA,53025,53025,62.51
Grays Harbor,WA,53027,53027,67.04
Island,WA,53029,53029,71.47
Jefferson,WA,53031,53031,74.25
King,WA,53033,53033,56.95
Kitsap,WA,53035,53035,67.8
Kittitas,WA,53037,53037,59.13
Klickitat,WA,53039,53039,68.01
Lewis,WA,53041,53041,70.64
Lincoln,WA,53043,53043,77.97
Mason,WA,53045,53045,77.38
Okanogan,WA,53047,53047,65.76
Pacific,WA,53049,53049,79.97
Pend Oreille,WA,53051,53051,77.89
Pierce,WA,53053,53053,62.12
San Juan,WA,53055,53055,74.58
Skagit,WA,53057,53057,68.58
Skamania,WA,53059,53059,74.5
Snohomish,WA,53061,53061,67.09
Spokane,WA,53063,53063,62.39
Stevens,WA,53065,53065,78.13
Thurston,WA,53067,53067,65.38
Wahkiakum,WA,53069,53069,86.72
Walla Walla,WA,53071,53071,64.81
Whatcom,WA,53073,53073,61.93
Whitman,WA,53075,53075,43.63
Yakima,WA,53077,53077,62.69
Barbour,WV,54001,54001,72.04
Berkeley,WV,54003,54003,74.63
Boone,WV,54005,54005,76.59
Braxton,WV,54007,54007,80.67
Brooke,WV,54009,54009,76.18
Cabell,WV,54011,54011,61.8
Calhoun,WV,54013,54013,78.87
Clay,WV,54015,54015,81.43
Doddridge,WV,54017,54017,87.67
Fayette,WV,54019,54019,77.27
Gilmer,WV,54021,54021,68.92
Grant,WV,54023,54023,81.55
Greenbrier,WV,54025,54025,72.49
Hampshire,WV,54027,54027,76.3
Hancock,WV,54029,54029,72.69
Hardy,WV,54031,54031,73.83
Harrison,WV,54033,54033,73.94
Jackson,WV,54035,54035,76.73
Jefferson,WV,54037,54037,76.43
Kanawha,WV,54039,54039,69.07
Lewis,WV,54041,54041,71.51
Lincoln,WV,54043,54043,77.81
Logan,WV,54045,54045,72.65
McDowell,WV,54047,54047,78.68
Marion,WV,54049,54049,74.62
Marshall,WV,54051,54051,80.11
Mason,WV,54053,54053,79.46
Mercer,WV,54055,54055,69.52
Mineral,WV,54057,54057,76.03
Mingo,WV,54059,54059,73.55
Monongalia,WV,54061,54061,56.77
Monroe,WV,54063,54063,78.68
Morgan,WV,54065,54065,83.27
Nicholas,WV,54067,54067,79.43
Ohio,WV,54069,54069,69.81
Pendleton,WV,54071,54071,80.5
Pleasants,WV,54073,54073,82.5
Pocahontas,WV,54075,54075,81.61
Preston,WV,54077,54077,82.88
Putnam,WV,54079,54079,81.85
Raleigh,WV,54081,54081,73.37
Randolph,WV,54083,54083,71.53
Ritchie,WV,54085,54085,79.82
Roane,WV,54087,54087,79.27
Summers,WV,54089,54089,76.23
Taylor,WV,54091,54091,77.96
Tucker,WV,54093,54093,78.52
Tyler,WV,54095,54095,82.73
Upshur,WV,54097,54097,73.68
Wayne,WV,54099,54099,73.46
Webster,WV,54101,54101,72.57
Wetzel,WV,54103,54103,79.43
Wirt,WV,54105,54105,83.67
Wood,WV,54107,54107,71.48
Wyoming,WV,54109,54109,84.18
Adams,WI,55001,55001,83.29
Ashland,WI,55003,55003,68.29
Barron,WI,55005,55005,74.73
Bayfield,WI,55007,55007,83.21
Brown,WI,55009,55009,64.84
Buffalo,WI,55011,55011,76.35
Burnett,WI,55013,55013,82.2
Calumet,WI,55015,55015,80.64
Chippewa,WI,55017,55017,73.11
Clark,WI,55019,55019,78.41
Columbia,WI,55021,55021,74.37
Crawford,WI,55023,55023,75.71
Dane,WI,55025,55025,58.2
Dodge,WI,55027,55027,69.74
Door,WI,55029,55029,79.89
Douglas,WI,55031,55031,67.52
Dunn,WI,55033,55033,68.16
Eau Claire,WI,55035,55035,64.47
Florence,WI,55037,55037,86.24
Fond du Lac,WI,55039,55039,70.27
Forest,WI,55041,55041,76.17
Grant,WI,55043,55043,70.36
Green,WI,55045,55045,75.1
Green Lake,WI,55047,55047,76.11
Iowa,WI,55049,55049,73.85
Iron,WI,55051,55051,77.54
Jackson,WI,55053,55053,73.9
Jefferson,WI,55055,55055,70.15
Juneau,WI,55057,55057,76.24
Kenosha,WI,55059,55059,66.09
Kewaunee,WI,55061,55061,79.31
La Crosse,WI,55063,55063,63.03
Lafayette,WI,55065,55065,76.44
Langlade,WI,55067,55067,77.09
Lincoln,WI,55069,55069,78.08
Manitowoc,WI,55071,55071,75.36
Marathon,WI,55073,55073,72.2
Marinette,WI,55075,55075,74.7
Marquette,WI,55077,55077,81.41
Menominee,WI,55078,55078,68.04
Milwaukee,WI,55079,55079,49.47
Monroe,WI,55081,55081,69.7
Oconto,WI,55083,55083,82.71
Oneida,WI,55085,55085,83.2
Outagamie,WI,55087,55087,71.13
Ozaukee,WI,55089,55089,75.86
Pepin,WI,55091,55091,79.8
Pierce,WI,55093,55093,72.21
Polk,WI,55095,55095,78.89
Portage,WI,55097,55097,69.03
Price,WI,55099,55099,77.84
Racine,WI,55101,55101,67.58
Richland,WI,55103,55103,74.73
Rock,WI,55105,55105,68.36
Rusk,WI,55107,55107,79.14
St. Croix,WI,55109,55109,76.77
Sauk,WI,55111,55111,68.88
Sawyer,WI,55113,55113,74
Shawano,WI,55115,55115,77.26
Sheboygan,WI,55117,55117,69.96
Taylor,WI,55119,55119,76.63
Trempealeau,WI,55121,55121,72.99
Vernon,WI,55123,55123,77.76
Vilas,WI,55125,55125,77.67
Walworth,WI,55127,55127,68.61
Washburn,WI,55129,55129,80.03
Washington,WI,55131,55131,77.54
Waukesha,WI,55133,55133,76.28
Waupaca,WI,55135,55135,73.66
Waushara,WI,55137,55137,81.64
Winnebago,WI,55139,55139,65.22
Wood,WI,55141,55141,72.37
Albany,WY,56001,56001,51.04
Big Horn,WY,56003,56003,73.21
Campbell,WY,56005,56005,73.4
Carbon,WY,56007,56007,69.58
Converse,WY,56009,56009,73.71
Crook,WY,56011,56011,81.77
Fremont,WY,56013,56013,70.46
Goshen,WY,56015,56015,73.67
Hot Springs,WY,56017,56017,75.21
Johnson,WY,56019,56019,69.88
Laramie,WY,56021,56021,69.78
Lincoln,WY,56023,56023,82.41
Natrona,WY,56025,56025,68.18
Niobrara,WY,56027,56027,77.49
Park,WY,56029,56029,73.17
Platte,WY,56031,56031,74.76
Sheridan,WY,56033,56033,68.8
Sublette,WY,56035,56035,82.07
Sweetwater,WY,56037,56037,76.22
Teton,WY,56039,56039,60.41
Uinta,WY,56041,56041,77.06
Washakie,WY,56043,56043,76.49
Weston,WY,56045,56045,83.02
Eastern,AS,60010,60010,N/A
Manu'a,AS,60020,60020,N/A
Rose Island,AS,60030,60030,N/A
Swains Island,AS,60040,60040,N/A
Western,AS,60050,60050,N/A
Guam,GU,66010,66010,N/A
Northern Islands,MP,69085,69085,N/A
Rota,MP,69100,69100,N/A
Saipan,MP,69110,69110,N/A
Tinian,MP,69120,69120,N/A
Adjuntas,PR,72001,72001,59.35
Aguada,PR,72003,72003,74.77
Aguadilla,PR,72005,72005,59.78
Aguas Buenas,PR,72007,72007,65.98
Aibonito,PR,72009,72009,78.1
Aasco,PR,72011,72011,76.98
Arecibo,PR,72013,72013,66.23
Arroyo,PR,72015,72015,78.54
Barceloneta,PR,72017,72017,71.61
Barranquitas,PR,72019,72019,73.52
Bayamn,PR,72021,72021,68.16
Cabo Rojo,PR,72023,72023,64.67
Caguas,PR,72025,72025,68.35
Camuy,PR,72027,72027,72.44
Canvanas,PR,72029,72029,73.7
Carolina,PR,72031,72031,70.09
Catao,PR,72033,72033,60.22
Cayey,PR,72035,72035,63.47
Ceiba,PR,72037,72037,71.66
Ciales,PR,72039,72039,69.89
Cidra,PR,72041,72041,66.42
Coamo,PR,72043,72043,77.24
Comero,PR,72045,72045,55.81
Corozal,PR,72047,72047,75.86
Culebra,PR,72049,72049,61.2
Dorado,PR,72051,72051,77.34
Fajardo,PR,72053,72053,65.7
Florida,PR,72054,72054,72.54
Gunica,PR,72055,72055,71.01
Guayama,PR,72057,72057,72.91
Guayanilla,PR,72059,72059,71.83
Guaynabo,PR,72061,72061,71.62
Gurabo,PR,72063,72063,82.26
Hatillo,PR,72065,72065,74.27
Hormigueros,PR,72067,72067,73.22
Humacao,PR,72069,72069,72.15
Isabela,PR,72071,72071,63.65
Jayuya,PR,72073,72073,57.85
Juana Daz,PR,72075,72075,71.61
Juncos,PR,72077,72077,71.36
Lajas,PR,72079,72079,60.04
Lares,PR,72081,72081,63.39
Las Maras,PR,72083,72083,71.64
Las Piedras,PR,72085,72085,78.19
Loza,PR,72087,72087,70.52
Luquillo,PR,72089,72089,71.16
Manat,PR,72091,72091,73.37
Maricao,PR,72093,72093,74.21
Maunabo,PR,72095,72095,74.38
Mayagez,PR,72097,72097,57.04
Moca,PR,72099,72099,63.68
Morovis,PR,72101,72101,69.25
Naguabo,PR,72103,72103,77.51
Naranjito,PR,72105,72105,74.99
Orocovis,PR,72107,72107,66.27
Patillas,PR,72109,72109,65.51
Peuelas,PR,72111,72111,74.21
Ponce,PR,72113,72113,66.2
Quebradillas,PR,72115,72115,69.31
Rincn,PR,72117,72117,70.98
Ro Grande,PR,72119,72119,75.29
Sabana Grande,PR,72121,72121,75.97
Salinas,PR,72123,72123,80.2
San Germn,PR,72125,72125,70.91
San Juan,PR,72127,72127,53.86
San Lorenzo,PR,72129,72129,75.48
San Sebastin,PR,72131,72131,64.46
Santa Isabel,PR,72133,72133,77.56
Toa Alta,PR,72135,72135,83.21
Toa Baja,PR,72137,72137,73.85
Trujillo Alto,PR,72139,72139,67.78
Utuado,PR,72141,72141,60.56
Vega Alta,PR,72143,72143,68.74
Vega Baja,PR,72145,72145,79.68
Vieques,PR,72147,72147,69.09
Villalba,PR,72149,72149,69.46
Yabucoa,PR,72151,72151,71.97
Yauco,PR,72153,72153,75.68
St. Croix,VI,78010,78010,N/A
St. John,VI,78020,78020,N/A
St. Thomas,VI,78030,78030,N/A